Created on,Last change,Name (in database),Code,Internal remark,External remark,Measuring unit,In webshop,Surface item,Short description webshop,Long description webshop,Webshop SEO title,Webshop SEO keyword,Webshop SEO description,Webshop featured product,Rental-/Sales price,Margin price,Critical stock,Type of equipment,Rental/sales,Stock calculation method,Display in planner,Archived,List price,Transport volume,Height,Width,Length,Weight,Empty weight,Power,Current,Default equipment group,The equipment can have content,Physical/Virtual,Content editable in project,Restrict actual content,Price incl. VAT,VAT rate,Has accessories,Number of images,Tags,Current quantity excl. reserved for combinations,Current quantity,Quantity reserved for combinations,Location in default stock location,Total stock per stock location [Fabriek],Location in warehouse per stock location [Fabriek],ID,Created by (Created by),Folder (Folder),Factor group (Factor group),Discount group (Discount group),VAT class (VAT class),Main image (Main image),Ledger - credit (Ledger - credit),Ledger - debit (Ledger - debit),Created on (Serial number),Last change (Serial number),Display name (Serial number),Manufacturer serial number (Serial number),Date of purchase (Serial number),Active (Serial number),Remark (Serial number),Internal reference (Serial number),Guarantee date (Serial number),Replacement date (Serial number),Current book value (Serial number),Tags (Serial number),Seal (Serial number),Actual content from (Serial number),Combination structure (Serial number),ID (Serial number),"Created by (Serial number, Created by)","Equipment (Serial number, Equipment)","Supplier (Serial number, Supplier)","Assigned to (Serial number, Assigned to)","Managed by (Serial number, Managed by)","Main image (Serial number, Main image)","On subproject (Serial number, On subproject)","Lost (Serial number, Lost)","In repair (Serial number, In repair)"
45488.945243056,46094.193726852,"19"" 8U Topdesk Flightcase 001",510,,,,0,0,,,,,,0,0,0,0,Physical combination,Rental,Bulk,0,1,0,0.048762,21,43,54,8,8,0,0,,1,Physical equipment,0,All content possible,0,0.21,0,0,,1,1,0,,1,,727,,,Voorbeeld Staffelgroep,,Hoog tarief,,Verhuur,Verhuur (debet),45309.533125,45736.970891204,170,170,45309,1,,,,,0,,0,,,231,Ruben Dielkens,"19"" 8U Topdesk Flightcase 001",,,,,,,
45488.945243056,46094.193726852,"19"" 8U Topdesk Flightcase 002",511,,,,0,0,,,,,,0,0,0,0,Physical combination,Rental,Bulk,0,1,0,0.048762,21,43,54,8,8,0,0,,1,Physical equipment,0,All content possible,0,0.21,0,0,,1,1,0,,1,,728,,,Voorbeeld Staffelgroep,,Hoog tarief,,Verhuur,Verhuur (debet),45309.533125,45736.970891204,171,171,45309,1,,,,,0,,0,,,232,Ruben Dielkens,"19"" 8U Topdesk Flightcase 002",,,,,,,
45488.945243056,46094.193726852,8HE Stolp Case 001,512,,,,0,0,,,,,,0,0,0,0,Physical combination,Rental,Bulk,0,1,0,0.219008,58,59,64,29,29,0,0,,1,Physical equipment,0,All content possible,0,0.21,0,0,,1,1,0,,1,,729,,,Voorbeeld Staffelgroep,,Hoog tarief,,Verhuur,Verhuur (debet),45309.533125,45736.970891204,145,145,45309,1,,,,,0,,0,,,206,Ruben Dielkens,8HE Stolp Case 001,,,,,,,
45488.945243056,46094.193726852,8HE Stolp Case 002,513,,,,0,0,,,,,,0,0,0,0,Physical combination,Rental,Bulk,0,1,0,0.219008,58,59,64,29,29,0,0,,1,Physical equipment,0,All content possible,0,0.21,0,0,,1,1,0,,1,,730,,,Voorbeeld Staffelgroep,,Hoog tarief,,Verhuur,Verhuur (debet),45309.533125,45736.970891204,146,146,45309,1,,,,,0,,0,,,207,Ruben Dielkens,8HE Stolp Case 002,,,,,,,
45488.945243056,46094.193726852,8HE Stolp Case 003,514,,,,0,0,,,,,,0,0,0,0,Physical combination,Rental,Bulk,0,1,0,0.219008,58,59,64,29,29,0,0,,1,Physical equipment,0,All content possible,0,0.21,0,0,,1,1,0,,1,,731,,,Voorbeeld Staffelgroep,,Hoog tarief,,Verhuur,Verhuur (debet),45309.533125,45736.970891204,147,147,45309,1,,,,,0,,0,,,208,Ruben Dielkens,8HE Stolp Case 003,,,,,,,
45488.945243056,46094.193726852,8HE Stolp Case 004,515,,,,0,0,,,,,,0,0,0,0,Physical combination,Rental,Bulk,0,1,0,0.219008,58,59,64,29,29,0,0,,1,Physical equipment,0,All content possible,0,0.21,0,0,,1,1,0,,1,,732,,,Voorbeeld Staffelgroep,,Hoog tarief,,Verhuur,Verhuur (debet),45309.533125,45736.970891204,148,148,45309,1,,,,,0,,0,,,209,Ruben Dielkens,8HE Stolp Case 004,,,,,,,
45488.945243056,46094.193726852,Avolites Tiger Touch II Flightcase 001,516,,,,0,0,,,,,,0,0,0,0,Physical combination,Rental,Bulk,0,1,0,0.08,20,50,80,20,20,0,0,,1,Physical equipment,0,All content possible,0,0.21,0,0,,1,1,0,,1,,733,,,Voorbeeld Staffelgroep,,Hoog tarief,,Verhuur,Verhuur (debet),45309.533125,45736.970891204,166,166,45309,1,,,,,0,,0,,,227,Ruben Dielkens,Avolites Tiger Touch II Flightcase 001,,,,,,,
45488.945243056,46094.193726852,Avolites Tiger Touch II Flightcase 002,517,,,,0,0,,,,,,0,0,0,0,Physical combination,Rental,Bulk,0,1,0,0.08,20,50,80,20,20,0,0,,1,Physical equipment,0,All content possible,0,0.21,0,0,,1,1,0,,1,,734,,,Voorbeeld Staffelgroep,,Hoog tarief,,Verhuur,Verhuur (debet),45309.533125,45736.970891204,167,167,45309,1,,,,,0,,0,,,228,Ruben Dielkens,Avolites Tiger Touch II Flightcase 002,,,,,,,
45488.945243056,46094.193726852,CDJ3000 Flightcase 001,518,,,,0,0,,,,,,0,0,0,0,Physical combination,Rental,Bulk,0,1,0,0.057456,24,42,57,6.1,6.1,0,0,,1,Physical equipment,0,All content possible,0,0.21,0,0,,1,1,0,,1,,735,,,Voorbeeld Staffelgroep,,Hoog tarief,,Verhuur,Verhuur (debet),45309.533125,45736.970891204,5,5,45309,1,,,,,0,,0,,,66,Ruben Dielkens,CDJ3000 Flightcase 001,,,,,,,
45488.945243056,46094.193726852,CDJ3000 Flightcase 002,519,,,,0,0,,,,,,0,0,0,0,Physical combination,Rental,Bulk,0,1,0,0.057456,24,42,57,6.1,6.1,0,0,,1,Physical equipment,0,All content possible,0,0.21,0,0,,1,1,0,,1,,736,,,Voorbeeld Staffelgroep,,Hoog tarief,,Verhuur,Verhuur (debet),45309.533125,45736.970891204,6,6,45309,1,,,,,0,,0,,,67,Ruben Dielkens,CDJ3000 Flightcase 002,,,,,,,
45488.945243056,46094.193726852,CDJ3000 Flightcase 003,520,,,,0,0,,,,,,0,0,0,0,Physical combination,Rental,Bulk,0,1,0,0.057456,24,42,57,6.1,6.1,0,0,,1,Physical equipment,0,All content possible,0,0.21,0,0,,1,1,0,,1,,737,,,Voorbeeld Staffelgroep,,Hoog tarief,,Verhuur,Verhuur (debet),45309.533125,45736.970891204,7,7,45309,1,,,,,0,,0,,,68,Ruben Dielkens,CDJ3000 Flightcase 003,,,,,,,
45488.945243056,46094.193726852,CDJ3000 Flightcase 004,521,,,,0,0,,,,,,0,0,0,0,Physical combination,Rental,Bulk,0,1,0,0.057456,24,42,57,6.1,6.1,0,0,,1,Physical equipment,0,All content possible,0,0.21,0,0,,1,1,0,,1,,738,,,Voorbeeld Staffelgroep,,Hoog tarief,,Verhuur,Verhuur (debet),45309.533125,45736.970891204,8,8,45309,1,,,,,0,,0,,,69,Ruben Dielkens,CDJ3000 Flightcase 004,,,,,,,
45488.945243056,46094.193726852,CDJ3000 Flightcase 005,522,,,,0,0,,,,,,0,0,0,0,Physical combination,Rental,Bulk,0,1,0,0.057456,24,42,57,6.1,6.1,0,0,,1,Physical equipment,0,All content possible,0,0.21,0,0,,1,1,0,,1,,739,,,Voorbeeld Staffelgroep,,Hoog tarief,,Verhuur,Verhuur (debet),45309.533125,45736.970891204,9,9,45309,1,,,,,0,,0,,,70,Ruben Dielkens,CDJ3000 Flightcase 005,,,,,,,
45488.945243056,46094.193726852,CDJ3000 Flightcase 006,523,,,,0,0,,,,,,0,0,0,0,Physical combination,Rental,Bulk,0,1,0,0.057456,24,42,57,6.1,6.1,0,0,,1,Physical equipment,0,All content possible,0,0.21,0,0,,1,1,0,,1,,740,,,Voorbeeld Staffelgroep,,Hoog tarief,,Verhuur,Verhuur (debet),45309.533125,45736.970891204,10,10,45309,1,,,,,0,,0,,,71,Ruben Dielkens,CDJ3000 Flightcase 006,,,,,,,
45488.945243056,46094.193726852,CDJ3000 Flightcase 007,524,,,,0,0,,,,,,0,0,0,0,Physical combination,Rental,Bulk,0,1,0,0.057456,24,42,57,6.1,6.1,0,0,,1,Physical equipment,0,All content possible,0,0.21,0,0,,1,1,0,,1,,741,,,Voorbeeld Staffelgroep,,Hoog tarief,,Verhuur,Verhuur (debet),45309.533125,45736.970891204,11,11,45309,1,,,,,0,,0,,,72,Ruben Dielkens,CDJ3000 Flightcase 007,,,,,,,
45488.945243056,46094.193726852,CDJ3000 Flightcase 008,525,,,,0,0,,,,,,0,0,0,0,Physical combination,Rental,Bulk,0,1,0,0.057456,24,42,57,6.1,6.1,0,0,,1,Physical equipment,0,All content possible,0,0.21,0,0,,1,1,0,,1,,742,,,Voorbeeld Staffelgroep,,Hoog tarief,,Verhuur,Verhuur (debet),45309.533125,45736.970891204,12,12,45309,1,,,,,0,,0,,,73,Ruben Dielkens,CDJ3000 Flightcase 008,,,,,,,
45488.945243056,46094.193726852,CDJ3000 Flightcase 009,526,,,,0,0,,,,,,0,0,0,0,Physical combination,Rental,Bulk,0,1,0,0.057456,24,42,57,6.1,6.1,0,0,,1,Physical equipment,0,All content possible,0,0.21,0,0,,1,1,0,,1,,743,,,Voorbeeld Staffelgroep,,Hoog tarief,,Verhuur,Verhuur (debet),45309.533125,45736.970891204,13,13,45309,1,,,,,0,,0,,,74,Ruben Dielkens,CDJ3000 Flightcase 009,,,,,,,
45488.945243056,46094.193726852,CDJ3000 Flightcase 010,527,,,,0,0,,,,,,0,0,0,0,Physical combination,Rental,Bulk,0,1,0,0.057456,24,42,57,6.1,6.1,0,0,,1,Physical equipment,0,All content possible,0,0.21,0,0,,1,1,0,,1,,744,,,Voorbeeld Staffelgroep,,Hoog tarief,,Verhuur,Verhuur (debet),45309.533125,45736.970891204,14,14,45309,1,,,,,0,,0,,,75,Ruben Dielkens,CDJ3000 Flightcase 010,,,,,,,
45488.945243056,46094.193726852,Chauvet Epix Flightcase 001,528,,,,0,0,,,,,,0,0,0,0,Physical combination,Rental,Bulk,0,1,0,0.24,40,50,120,20,20,0,0,,1,Physical equipment,0,All content possible,0,0.21,0,0,,1,1,0,,1,,745,,,Voorbeeld Staffelgroep,,Hoog tarief,,Verhuur,Verhuur (debet),45309.533125,45736.970891204,270,270,45309,1,,,,,0,,0,,,331,Ruben Dielkens,Chauvet Epix Flightcase 001,,,,,,,
45488.945243056,46094.193726852,Chauvet Epix Flightcase 002,529,,,,0,0,,,,,,0,0,0,0,Physical combination,Rental,Bulk,0,1,0,0.24,40,50,120,20,20,0,0,,1,Physical equipment,0,All content possible,0,0.21,0,0,,1,1,0,,1,,746,,,Voorbeeld Staffelgroep,,Hoog tarief,,Verhuur,Verhuur (debet),45309.533125,45736.970891204,271,271,45309,1,,,,,0,,0,,,332,Ruben Dielkens,Chauvet Epix Flightcase 002,,,,,,,
45488.945243056,46094.193726852,Chauvet Epix Flightcase 003,530,,,,0,0,,,,,,0,0,0,0,Physical combination,Rental,Bulk,0,1,0,0.24,40,50,120,20,20,0,0,,1,Physical equipment,0,All content possible,0,0.21,0,0,,1,1,0,,1,,747,,,Voorbeeld Staffelgroep,,Hoog tarief,,Verhuur,Verhuur (debet),45309.533125,45736.970891204,272,272,45309,1,,,,,0,,0,,,333,Ruben Dielkens,Chauvet Epix Flightcase 003,,,,,,,
45488.945243056,46094.193726852,Chauvet Epix Flightcase 004,531,,,,0,0,,,,,,0,0,0,0,Physical combination,Rental,Bulk,0,1,0,0.24,40,50,120,20,20,0,0,,1,Physical equipment,0,All content possible,0,0.21,0,0,,1,1,0,,1,,748,,,Voorbeeld Staffelgroep,,Hoog tarief,,Verhuur,Verhuur (debet),45309.533125,45736.970891204,273,273,45309,1,,,,,0,,0,,,334,Ruben Dielkens,Chauvet Epix Flightcase 004,,,,,,,
45488.945243056,46094.193726852,Chauvet Epix Flightcase 005,532,,,,0,0,,,,,,0,0,0,0,Physical combination,Rental,Bulk,0,1,0,0.24,40,50,120,20,20,0,0,,1,Physical equipment,0,All content possible,0,0.21,0,0,,1,1,0,,1,,749,,,Voorbeeld Staffelgroep,,Hoog tarief,,Verhuur,Verhuur (debet),45309.533125,45736.970891204,274,274,45309,1,,,,,0,,0,,,335,Ruben Dielkens,Chauvet Epix Flightcase 005,,,,,,,
45488.945243056,46094.193726852,Chauvet Epix Flightcase 006,533,,,,0,0,,,,,,0,0,0,0,Physical combination,Rental,Bulk,0,1,0,0.24,40,50,120,20,20,0,0,,1,Physical equipment,0,All content possible,0,0.21,0,0,,1,1,0,,1,,750,,,Voorbeeld Staffelgroep,,Hoog tarief,,Verhuur,Verhuur (debet),45309.533125,45736.970891204,275,275,45309,1,,,,,0,,0,,,336,Ruben Dielkens,Chauvet Epix Flightcase 006,,,,,,,
45488.945243056,46094.193726852,Chauvet Epix Flightcase 007,534,,,,0,0,,,,,,0,0,0,0,Physical combination,Rental,Bulk,0,1,0,0.24,40,50,120,20,20,0,0,,1,Physical equipment,0,All content possible,0,0.21,0,0,,1,1,0,,1,,751,,,Voorbeeld Staffelgroep,,Hoog tarief,,Verhuur,Verhuur (debet),45309.533125,45736.970891204,276,276,45309,1,,,,,0,,0,,,337,Ruben Dielkens,Chauvet Epix Flightcase 007,,,,,,,
45488.945243056,46094.193726852,Chauvet Epix Flightcase 008,535,,,,0,0,,,,,,0,0,0,0,Physical combination,Rental,Bulk,0,1,0,0.24,40,50,120,20,20,0,0,,1,Physical equipment,0,All content possible,0,0.21,0,0,,1,1,0,,1,,752,,,Voorbeeld Staffelgroep,,Hoog tarief,,Verhuur,Verhuur (debet),45309.533125,45736.970891204,277,277,45309,1,,,,,0,,0,,,338,Ruben Dielkens,Chauvet Epix Flightcase 008,,,,,,,
45488.945243056,46094.193726852,Clay Paky Alpha Beam Twin Flightcase 001,536,,,,0,0,,,,,,0,0,0,0,Physical combination,Rental,Bulk,0,1,0,0.4725,75,60,105,24,24,0,0,,1,Physical equipment,0,All content possible,0,0.21,0,0,,1,1,0,,1,,753,,,Voorbeeld Staffelgroep,,Hoog tarief,,Verhuur,Verhuur (debet),45309.533125,45736.970891204,190,190,45309,1,,,,,0,,0,,,251,Ruben Dielkens,Clay Paky Alpha Beam Twin Flightcase 001,,,,,,,
45488.945243056,46094.193726852,Clay Paky Alpha Beam Twin Flightcase 002,537,,,,0,0,,,,,,0,0,0,0,Physical combination,Rental,Bulk,0,1,0,0.4725,75,60,105,24,24,0,0,,1,Physical equipment,0,All content possible,0,0.21,0,0,,1,1,0,,1,,754,,,Voorbeeld Staffelgroep,,Hoog tarief,,Verhuur,Verhuur (debet),45309.533125,45736.970891204,191,191,45309,1,,,,,0,,0,,,252,Ruben Dielkens,Clay Paky Alpha Beam Twin Flightcase 002,,,,,,,
45488.945243056,46094.193726852,Clay Paky Alpha Beam Twin Flightcase 003,538,,,,0,0,,,,,,0,0,0,0,Physical combination,Rental,Bulk,0,1,0,0.4725,75,60,105,24,24,0,0,,1,Physical equipment,0,All content possible,0,0.21,0,0,,1,1,0,,1,,755,,,Voorbeeld Staffelgroep,,Hoog tarief,,Verhuur,Verhuur (debet),45309.533125,45736.970891204,192,192,45309,1,,,,,0,,0,,,253,Ruben Dielkens,Clay Paky Alpha Beam Twin Flightcase 003,,,,,,,
45488.945243056,46094.193726852,Clay Paky Alpha Beam Twin Flightcase 004,539,,,,0,0,,,,,,0,0,0,0,Physical combination,Rental,Bulk,0,1,0,0.4725,75,60,105,24,24,0,0,,1,Physical equipment,0,All content possible,0,0.21,0,0,,1,1,0,,1,,756,,,Voorbeeld Staffelgroep,,Hoog tarief,,Verhuur,Verhuur (debet),45309.533125,45736.970891204,193,193,45309,1,,,,,0,,0,,,254,Ruben Dielkens,Clay Paky Alpha Beam Twin Flightcase 004,,,,,,,
45488.945243056,46094.193726852,Clay Paky Alpha Beam Twin Flightcase 005,540,,,,0,0,,,,,,0,0,0,0,Physical combination,Rental,Bulk,0,1,0,0.4725,75,60,105,24,24,0,0,,1,Physical equipment,0,All content possible,0,0.21,0,0,,1,1,0,,1,,757,,,Voorbeeld Staffelgroep,,Hoog tarief,,Verhuur,Verhuur (debet),45309.533125,45736.970891204,194,194,45309,1,,,,,0,,0,,,255,Ruben Dielkens,Clay Paky Alpha Beam Twin Flightcase 005,,,,,,,
45488.945243056,46094.193726852,Clay Paky Alpha Beam Twin Flightcase 006,541,,,,0,0,,,,,,0,0,0,0,Physical combination,Rental,Bulk,0,1,0,0.4725,75,60,105,24,24,0,0,,1,Physical equipment,0,All content possible,0,0.21,0,0,,1,1,0,,1,,758,,,Voorbeeld Staffelgroep,,Hoog tarief,,Verhuur,Verhuur (debet),45309.533125,45736.970891204,195,195,45309,1,,,,,0,,0,,,256,Ruben Dielkens,Clay Paky Alpha Beam Twin Flightcase 006,,,,,,,
45488.945243056,46094.193726852,Clay Paky Alpha Beam Twin Flightcase 007,542,,,,0,0,,,,,,0,0,0,0,Physical combination,Rental,Bulk,0,1,0,0.4725,75,60,105,24,24,0,0,,1,Physical equipment,0,All content possible,0,0.21,0,0,,1,1,0,,1,,759,,,Voorbeeld Staffelgroep,,Hoog tarief,,Verhuur,Verhuur (debet),45309.533125,45736.970891204,196,196,45309,1,,,,,0,,0,,,257,Ruben Dielkens,Clay Paky Alpha Beam Twin Flightcase 007,,,,,,,
45488.945243056,46094.193726852,Clay Paky Alpha Beam Twin Flightcase 008,543,,,,0,0,,,,,,0,0,0,0,Physical combination,Rental,Bulk,0,1,0,0.4725,75,60,105,24,24,0,0,,1,Physical equipment,0,All content possible,0,0.21,0,0,,1,1,0,,1,,760,,,Voorbeeld Staffelgroep,,Hoog tarief,,Verhuur,Verhuur (debet),45309.533125,45736.970891204,197,197,45309,1,,,,,0,,0,,,258,Ruben Dielkens,Clay Paky Alpha Beam Twin Flightcase 008,,,,,,,
45488.945243056,46094.193726852,Clay Paky Alpha Beam Twin Flightcase 009,544,,,,0,0,,,,,,0,0,0,0,Physical combination,Rental,Bulk,0,1,0,0.4725,75,60,105,24,24,0,0,,1,Physical equipment,0,All content possible,0,0.21,0,0,,1,1,0,,1,,761,,,Voorbeeld Staffelgroep,,Hoog tarief,,Verhuur,Verhuur (debet),45309.533125,45736.970891204,198,198,45309,1,,,,,0,,0,,,259,Ruben Dielkens,Clay Paky Alpha Beam Twin Flightcase 009,,,,,,,
45488.945243056,46094.193726852,Clay Paky Alpha Beam Twin Flightcase 010,545,,,,0,0,,,,,,0,0,0,0,Physical combination,Rental,Bulk,0,1,0,0.4725,75,60,105,24,24,0,0,,1,Physical equipment,0,All content possible,0,0.21,0,0,,1,1,0,,1,,762,,,Voorbeeld Staffelgroep,,Hoog tarief,,Verhuur,Verhuur (debet),45309.533125,45736.970891204,199,199,45309,1,,,,,0,,0,,,260,Ruben Dielkens,Clay Paky Alpha Beam Twin Flightcase 010,,,,,,,
45488.945243056,46094.193726852,Clay Paky Alpha Beam Twin Flightcase 011,546,,,,0,0,,,,,,0,0,0,0,Physical combination,Rental,Bulk,0,1,0,0.4725,75,60,105,24,24,0,0,,1,Physical equipment,0,All content possible,0,0.21,0,0,,1,1,0,,1,,763,,,Voorbeeld Staffelgroep,,Hoog tarief,,Verhuur,Verhuur (debet),45309.533125,45736.970891204,200,200,45309,1,,,,,0,,0,,,261,Ruben Dielkens,Clay Paky Alpha Beam Twin Flightcase 011,,,,,,,
45488.945243056,46094.193726852,Clay Paky Alpha Beam Twin Flightcase 012,547,,,,0,0,,,,,,0,0,0,0,Physical combination,Rental,Bulk,0,1,0,0.4725,75,60,105,24,24,0,0,,1,Physical equipment,0,All content possible,0,0.21,0,0,,1,1,0,,1,,764,,,Voorbeeld Staffelgroep,,Hoog tarief,,Verhuur,Verhuur (debet),45309.533125,45736.970891204,201,201,45309,1,,,,,0,,0,,,262,Ruben Dielkens,Clay Paky Alpha Beam Twin Flightcase 012,,,,,,,
45488.945243056,46094.193726852,Clay Paky Alpha Beam Twin Flightcase 013,548,,,,0,0,,,,,,0,0,0,0,Physical combination,Rental,Bulk,0,1,0,0.4725,75,60,105,24,24,0,0,,1,Physical equipment,0,All content possible,0,0.21,0,0,,1,1,0,,1,,765,,,Voorbeeld Staffelgroep,,Hoog tarief,,Verhuur,Verhuur (debet),45309.533125,45736.970891204,202,202,45309,1,,,,,0,,0,,,263,Ruben Dielkens,Clay Paky Alpha Beam Twin Flightcase 013,,,,,,,
45488.945243056,46094.193726852,Clay Paky Alpha Beam Twin Flightcase 014,549,,,,0,0,,,,,,0,0,0,0,Physical combination,Rental,Bulk,0,1,0,0.4725,75,60,105,24,24,0,0,,1,Physical equipment,0,All content possible,0,0.21,0,0,,1,1,0,,1,,766,,,Voorbeeld Staffelgroep,,Hoog tarief,,Verhuur,Verhuur (debet),45309.533125,45736.970891204,203,203,45309,1,,,,,0,,0,,,264,Ruben Dielkens,Clay Paky Alpha Beam Twin Flightcase 014,,,,,,,
45488.945243056,46094.193726852,Clay Paky Alpha Beam Twin Flightcase 015,550,,,,0,0,,,,,,0,0,0,0,Physical combination,Rental,Bulk,0,1,0,0.4725,75,60,105,24,24,0,0,,1,Physical equipment,0,All content possible,0,0.21,0,0,,1,1,0,,1,,767,,,Voorbeeld Staffelgroep,,Hoog tarief,,Verhuur,Verhuur (debet),45309.533125,45736.970891204,204,204,45309,1,,,,,0,,0,,,265,Ruben Dielkens,Clay Paky Alpha Beam Twin Flightcase 015,,,,,,,
45488.945243056,46094.193726852,Clay Paky Alpha Beam Twin Flightcase 016,551,,,,0,0,,,,,,0,0,0,0,Physical combination,Rental,Bulk,0,1,0,0.4725,75,60,105,24,24,0,0,,1,Physical equipment,0,All content possible,0,0.21,0,0,,1,1,0,,1,,768,,,Voorbeeld Staffelgroep,,Hoog tarief,,Verhuur,Verhuur (debet),45309.533125,45736.970891204,205,205,45309,1,,,,,0,,0,,,266,Ruben Dielkens,Clay Paky Alpha Beam Twin Flightcase 016,,,,,,,
45488.945243056,46094.193726852,Clay Paky Alpha Beam Twin Flightcase 017,552,,,,0,0,,,,,,0,0,0,0,Physical combination,Rental,Bulk,0,1,0,0.4725,75,60,105,24,24,0,0,,1,Physical equipment,0,All content possible,0,0.21,0,0,,1,1,0,,1,,769,,,Voorbeeld Staffelgroep,,Hoog tarief,,Verhuur,Verhuur (debet),45309.533125,45736.970891204,206,206,45309,1,,,,,0,,0,,,267,Ruben Dielkens,Clay Paky Alpha Beam Twin Flightcase 017,,,,,,,
45488.945243056,46094.193726852,Clay Paky Alpha Beam Twin Flightcase 018,553,,,,0,0,,,,,,0,0,0,0,Physical combination,Rental,Bulk,0,1,0,0.4725,75,60,105,24,24,0,0,,1,Physical equipment,0,All content possible,0,0.21,0,0,,1,1,0,,1,,770,,,Voorbeeld Staffelgroep,,Hoog tarief,,Verhuur,Verhuur (debet),45309.533125,45736.970891204,207,207,45309,1,,,,,0,,0,,,268,Ruben Dielkens,Clay Paky Alpha Beam Twin Flightcase 018,,,,,,,
45488.945243056,46094.193726852,Digico SD10 Flightcase 001,554,,,,0,0,,,,,,0,0,0,0,Physical combination,Rental,Bulk,0,1,0,0.459,85,30,180,34,34,0,0,,1,Physical equipment,0,All content possible,0,0.21,0,0,,1,1,0,,1,,771,,,Voorbeeld Staffelgroep,,Hoog tarief,,Verhuur,Verhuur (debet),45309.533125,45736.970891204,149,149,45309,1,,,,,0,,0,,,210,Ruben Dielkens,Digico SD10 Flightcase 001,,,,,,,
45488.945243056,46094.193726852,Digico SD10 Flightcase 002,555,,,,0,0,,,,,,0,0,0,0,Physical combination,Rental,Bulk,0,1,0,0.459,85,30,180,34,34,0,0,,1,Physical equipment,0,All content possible,0,0.21,0,0,,1,1,0,,1,,772,,,Voorbeeld Staffelgroep,,Hoog tarief,,Verhuur,Verhuur (debet),45309.533125,45736.970891204,150,150,45309,1,,,,,0,,0,,,211,Ruben Dielkens,Digico SD10 Flightcase 002,,,,,,,
45488.945243056,46094.193726852,Digico SD10 Flightcase 003,556,,,,0,0,,,,,,0,0,0,0,Physical combination,Rental,Bulk,0,1,0,0.459,85,30,180,34,34,0,0,,1,Physical equipment,0,All content possible,0,0.21,0,0,,1,1,0,,1,,773,,,Voorbeeld Staffelgroep,,Hoog tarief,,Verhuur,Verhuur (debet),45309.533125,45736.970891204,151,151,45309,1,,,,,0,,0,,,212,Ruben Dielkens,Digico SD10 Flightcase 003,,,,,,,
45488.945243056,46094.193726852,Digico SD10 Flightcase 004,557,,,,0,0,,,,,,0,0,0,0,Physical combination,Rental,Bulk,0,1,0,0.459,85,30,180,34,34,0,0,,1,Physical equipment,0,All content possible,0,0.21,0,0,,1,1,0,,1,,774,,,Voorbeeld Staffelgroep,,Hoog tarief,,Verhuur,Verhuur (debet),45309.533125,45736.970891204,152,152,45309,1,,,,,0,,0,,,213,Ruben Dielkens,Digico SD10 Flightcase 004,,,,,,,
45488.945243056,46094.193726852,Digico SD10 Flightcase 005,558,,,,0,0,,,,,,0,0,0,0,Physical combination,Rental,Bulk,0,1,0,0.459,85,30,180,34,34,0,0,,1,Physical equipment,0,All content possible,0,0.21,0,0,,1,1,0,,1,,775,,,Voorbeeld Staffelgroep,,Hoog tarief,,Verhuur,Verhuur (debet),45309.533125,45736.970891204,153,153,45309,1,,,,,0,,0,,,214,Ruben Dielkens,Digico SD10 Flightcase 005,,,,,,,
45488.945243056,46094.193726852,Digico SD8 Flighcase 001,559,,,,0,0,,,,,,0,0,0,0,Physical combination,Rental,Bulk,0,1,0,0.3825,85,30,150,34,34,0,0,,1,Physical equipment,0,All content possible,0,0.21,0,0,,1,1,0,,1,,776,,,Voorbeeld Staffelgroep,,Hoog tarief,,Verhuur,Verhuur (debet),45309.533125,45736.970891204,142,142,45309,1,,,,,0,,0,,,203,Ruben Dielkens,Digico SD8 Flighcase 001,,,,,,,
45488.945243056,46094.193726852,Digico SD8 Flighcase 002,560,,,,0,0,,,,,,0,0,0,0,Physical combination,Rental,Bulk,0,1,0,0.3825,85,30,150,34,34,0,0,,1,Physical equipment,0,All content possible,0,0.21,0,0,,1,1,0,,1,,777,,,Voorbeeld Staffelgroep,,Hoog tarief,,Verhuur,Verhuur (debet),45309.533125,45736.970891204,143,143,45309,1,,,,,0,,0,,,204,Ruben Dielkens,Digico SD8 Flighcase 002,,,,,,,
45488.945243056,46094.193726852,Digico SD8 Flighcase 003,561,,,,0,0,,,,,,0,0,0,0,Physical combination,Rental,Bulk,0,1,0,0.3825,85,30,150,34,34,0,0,,1,Physical equipment,0,All content possible,0,0.21,0,0,,1,1,0,,1,,778,,,Voorbeeld Staffelgroep,,Hoog tarief,,Verhuur,Verhuur (debet),45309.533125,45736.970891204,144,144,45309,1,,,,,0,,0,,,205,Ruben Dielkens,Digico SD8 Flighcase 003,,,,,,,
45488.945243056,46094.193726852,DJ Kit Flightcase 001,562,,,,0,0,,,,,,0,0,0,0,Physical combination,Rental,Bulk,0,1,0,0.158652,24,117,56.5,7,7,0,0,,1,Physical equipment,0,All content possible,0,0.21,0,0,,1,1,0,,1,,779,,,Voorbeeld Staffelgroep,,Hoog tarief,DJ Kit Flightcase.jpeg,Verhuur,Verhuur (debet),45309.533125,45736.970891204,1,1,45309,1,,,,,0,,0,,,62,Ruben Dielkens,DJ Kit Flightcase 001,,,,,,,
45488.945243056,46094.193726852,DJ Kit Flightcase 002,563,,,,0,0,,,,,,0,0,0,0,Physical combination,Rental,Bulk,0,1,0,0.158652,24,117,56.5,7,7,0,0,,1,Physical equipment,0,All content possible,0,0.21,0,0,,1,1,0,,1,,780,,,Voorbeeld Staffelgroep,,Hoog tarief,DJ Kit Flightcase.jpeg,Verhuur,Verhuur (debet),45309.533125,45736.970891204,2,2,45309,1,,,,,0,,0,,,63,Ruben Dielkens,DJ Kit Flightcase 002,,,,,,,
45488.945243056,46094.193726852,DJ Kit Flightcase 003,564,,,,0,0,,,,,,0,0,0,0,Physical combination,Rental,Bulk,0,1,0,0.158652,24,117,56.5,7,7,0,0,,1,Physical equipment,0,All content possible,0,0.21,0,0,,1,1,0,,1,,781,,,Voorbeeld Staffelgroep,,Hoog tarief,DJ Kit Flightcase.jpeg,Verhuur,Verhuur (debet),45309.533125,45736.970891204,3,3,45309,1,,,,,0,,0,,,64,Ruben Dielkens,DJ Kit Flightcase 003,,,,,,,
45488.945243056,46094.193726852,DJ Kit Flightcase 004,565,,,,0,0,,,,,,0,0,0,0,Physical combination,Rental,Bulk,0,1,0,0.158652,24,117,56.5,7,7,0,0,,1,Physical equipment,0,All content possible,0,0.21,0,0,,1,1,0,,1,,782,,,Voorbeeld Staffelgroep,,Hoog tarief,DJ Kit Flightcase.jpeg,Verhuur,Verhuur (debet),45309.533125,45736.970891204,4,4,45309,1,,,,,0,,0,,,65,Ruben Dielkens,DJ Kit Flightcase 004,,,,,,,
45488.945243056,46094.193726852,DJM900 Flightcase 001,566,,,,0,0,,,,,,0,0,0,0,Physical combination,Rental,Bulk,0,1,0,0.048216,21,41,56,6,6,0,0,,1,Physical equipment,0,All content possible,0,0.21,0,0,,1,1,0,,1,,783,,,Voorbeeld Staffelgroep,,Hoog tarief,,Verhuur,Verhuur (debet),45309.533125,45736.970891204,15,15,45309,1,,,,,0,,0,,,76,Ruben Dielkens,DJM900 Flightcase 001,,,,,,,
45488.945243056,46094.193726852,DJM900 Flightcase 002,567,,,,0,0,,,,,,0,0,0,0,Physical combination,Rental,Bulk,0,1,0,0.048216,21,41,56,6,6,0,0,,1,Physical equipment,0,All content possible,0,0.21,0,0,,1,1,0,,1,,784,,,Voorbeeld Staffelgroep,,Hoog tarief,,Verhuur,Verhuur (debet),45309.533125,45736.970891204,16,16,45309,1,,,,,0,,0,,,77,Ruben Dielkens,DJM900 Flightcase 002,,,,,,,
45488.945243056,46094.193726852,DJM900 Flightcase 003,568,,,,0,0,,,,,,0,0,0,0,Physical combination,Rental,Bulk,0,1,0,0.048216,21,41,56,6,6,0,0,,1,Physical equipment,0,All content possible,0,0.21,0,0,,1,1,0,,1,,785,,,Voorbeeld Staffelgroep,,Hoog tarief,,Verhuur,Verhuur (debet),45309.533125,45736.970891204,17,17,45309,1,,,,,0,,0,,,78,Ruben Dielkens,DJM900 Flightcase 003,,,,,,,
45488.945243056,46094.193726852,DJM900 Flightcase 004,569,,,,0,0,,,,,,0,0,0,0,Physical combination,Rental,Bulk,0,1,0,0.048216,21,41,56,6,6,0,0,,1,Physical equipment,0,All content possible,0,0.21,0,0,,1,1,0,,1,,786,,,Voorbeeld Staffelgroep,,Hoog tarief,,Verhuur,Verhuur (debet),45309.533125,45736.970891204,18,18,45309,1,,,,,0,,0,,,79,Ruben Dielkens,DJM900 Flightcase 004,,,,,,,
45488.945243056,46094.193726852,DJM900 Flightcase 005,570,,,,0,0,,,,,,0,0,0,0,Physical combination,Rental,Bulk,0,1,0,0.048216,21,41,56,6,6,0,0,,1,Physical equipment,0,All content possible,0,0.21,0,0,,1,1,0,,1,,787,,,Voorbeeld Staffelgroep,,Hoog tarief,,Verhuur,Verhuur (debet),45309.533125,45736.970891204,19,19,45309,1,,,,,0,,0,,,80,Ruben Dielkens,DJM900 Flightcase 005,,,,,,,
45488.945243056,46094.193726852,DJM900 Flightcase 006,571,,,,0,0,,,,,,0,0,0,0,Physical combination,Rental,Bulk,0,1,0,0.048216,21,41,56,6,6,0,0,,1,Physical equipment,0,All content possible,0,0.21,0,0,,1,1,0,,1,,788,,,Voorbeeld Staffelgroep,,Hoog tarief,,Verhuur,Verhuur (debet),45309.533125,45736.970891204,20,20,45309,1,,,,,0,,0,,,81,Ruben Dielkens,DJM900 Flightcase 006,,,,,,,
45488.945243056,46094.193726852,DJM900 Flightcase 007,572,,,,0,0,,,,,,0,0,0,0,Physical combination,Rental,Bulk,0,1,0,0.048216,21,41,56,6,6,0,0,,1,Physical equipment,0,All content possible,0,0.21,0,0,,1,1,0,,1,,789,,,Voorbeeld Staffelgroep,,Hoog tarief,,Verhuur,Verhuur (debet),45309.533125,45736.970891204,21,21,45309,1,,,,,0,,0,,,82,Ruben Dielkens,DJM900 Flightcase 007,,,,,,,
45488.945243056,46094.193726852,DJM900 Flightcase 008,573,,,,0,0,,,,,,0,0,0,0,Physical combination,Rental,Bulk,0,1,0,0.048216,21,41,56,6,6,0,0,,1,Physical equipment,0,All content possible,0,0.21,0,0,,1,1,0,,1,,790,,,Voorbeeld Staffelgroep,,Hoog tarief,,Verhuur,Verhuur (debet),45309.533125,45736.970891204,22,22,45309,1,,,,,0,,0,,,83,Ruben Dielkens,DJM900 Flightcase 008,,,,,,,
45488.945243056,46094.193726852,DJM900 Flightcase 009,574,,,,0,0,,,,,,0,0,0,0,Physical combination,Rental,Bulk,0,1,0,0.048216,21,41,56,6,6,0,0,,1,Physical equipment,0,All content possible,0,0.21,0,0,,1,1,0,,1,,791,,,Voorbeeld Staffelgroep,,Hoog tarief,,Verhuur,Verhuur (debet),45309.533125,45736.970891204,23,23,45309,1,,,,,0,,0,,,84,Ruben Dielkens,DJM900 Flightcase 009,,,,,,,
45488.945243056,46094.193726852,DJM900 Flightcase 010,575,,,,0,0,,,,,,0,0,0,0,Physical combination,Rental,Bulk,0,1,0,0.048216,21,41,56,6,6,0,0,,1,Physical equipment,0,All content possible,0,0.21,0,0,,1,1,0,,1,,792,,,Voorbeeld Staffelgroep,,Hoog tarief,,Verhuur,Verhuur (debet),45309.533125,45736.970891204,24,24,45309,1,,,,,0,,0,,,85,Ruben Dielkens,DJM900 Flightcase 010,,,,,,,
45488.945243056,46094.193726852,GrandMA2 Full size + Wing flightcase 001,576,,,,0,0,,,,,,0,0,0,0,Physical combination,Rental,Bulk,0,1,0,0.336,30,70,160,48,48,0,0,,1,Physical equipment,0,All content possible,0,0.21,0,0,,1,1,0,,1,,793,,,Voorbeeld Staffelgroep,,Hoog tarief,,Verhuur,Verhuur (debet),45309.533125,45736.970891204,168,168,45309,1,,,,,0,,0,,,229,Ruben Dielkens,GrandMA2 Full size + Wing flightcase 001,,,,,,,
45488.945243056,46094.193726852,GrandMA2 Full size + Wing flightcase 002,577,,,,0,0,,,,,,0,0,0,0,Physical combination,Rental,Bulk,0,1,0,0.336,30,70,160,48,48,0,0,,1,Physical equipment,0,All content possible,0,0.21,0,0,,1,1,0,,1,,794,,,Voorbeeld Staffelgroep,,Hoog tarief,,Verhuur,Verhuur (debet),45309.533125,45736.970891204,169,169,45309,1,,,,,0,,0,,,230,Ruben Dielkens,GrandMA2 Full size + Wing flightcase 002,,,,,,,
45488.945243056,46094.193726852,H30V L100 Dolly 001,578,,,,0,0,,,,,,0,0,0,0,Physical combination,Rental,Bulk,0,1,0,1.071,170,60,105,5,5,0,0,,1,Physical equipment,0,All content possible,0,0.21,0,0,,1,1,0,,1,,795,,,Voorbeeld Staffelgroep,,Hoog tarief,,Verhuur,Verhuur (debet),45309.533125,45736.970891204,278,278,45309,1,,,,,0,,0,,,339,Ruben Dielkens,H30V L100 Dolly 001,,,,,,,
45488.945243056,46094.193726852,H30V L100 Dolly 002,579,,,,0,0,,,,,,0,0,0,0,Physical combination,Rental,Bulk,0,1,0,1.071,170,60,105,5,5,0,0,,1,Physical equipment,0,All content possible,0,0.21,0,0,,1,1,0,,1,,796,,,Voorbeeld Staffelgroep,,Hoog tarief,,Verhuur,Verhuur (debet),45309.533125,45736.970891204,279,279,45309,1,,,,,0,,0,,,340,Ruben Dielkens,H30V L100 Dolly 002,,,,,,,
45488.945243056,46094.193726852,H30V L100 Dolly 003,580,,,,0,0,,,,,,0,0,0,0,Physical combination,Rental,Bulk,0,1,0,1.071,170,60,105,5,5,0,0,,1,Physical equipment,0,All content possible,0,0.21,0,0,,1,1,0,,1,,797,,,Voorbeeld Staffelgroep,,Hoog tarief,,Verhuur,Verhuur (debet),45309.533125,45736.970891204,280,280,45309,1,,,,,0,,0,,,341,Ruben Dielkens,H30V L100 Dolly 003,,,,,,,
45488.945243056,46094.193726852,H30V L200 Dolly 001,581,,,,0,0,,,,,,0,0,0,0,Physical combination,Rental,Bulk,0,1,0,2.091,170,60,205,8,8,0,0,,1,Physical equipment,0,All content possible,0,0.21,0,0,,1,1,0,,1,,798,,,Voorbeeld Staffelgroep,,Hoog tarief,,Verhuur,Verhuur (debet),45309.533125,45736.970891204,281,281,45309,1,,,,,0,,0,,,342,Ruben Dielkens,H30V L200 Dolly 001,,,,,,,
45488.945243056,46094.193726852,H30V L200 Dolly 002,582,,,,0,0,,,,,,0,0,0,0,Physical combination,Rental,Bulk,0,1,0,2.091,170,60,205,8,8,0,0,,1,Physical equipment,0,All content possible,0,0.21,0,0,,1,1,0,,1,,799,,,Voorbeeld Staffelgroep,,Hoog tarief,,Verhuur,Verhuur (debet),45309.533125,45736.970891204,282,282,45309,1,,,,,0,,0,,,343,Ruben Dielkens,H30V L200 Dolly 002,,,,,,,
45488.945243056,46094.193726852,H30V L200 Dolly 003,583,,,,0,0,,,,,,0,0,0,0,Physical combination,Rental,Bulk,0,1,0,2.091,170,60,205,8,8,0,0,,1,Physical equipment,0,All content possible,0,0.21,0,0,,1,1,0,,1,,800,,,Voorbeeld Staffelgroep,,Hoog tarief,,Verhuur,Verhuur (debet),45309.533125,45736.970891204,283,283,45309,1,,,,,0,,0,,,344,Ruben Dielkens,H30V L200 Dolly 003,,,,,,,
45488.945243056,46094.193726852,H30V L200 Dolly 004,584,,,,0,0,,,,,,0,0,0,0,Physical combination,Rental,Bulk,0,1,0,2.091,170,60,205,8,8,0,0,,1,Physical equipment,0,All content possible,0,0.21,0,0,,1,1,0,,1,,801,,,Voorbeeld Staffelgroep,,Hoog tarief,,Verhuur,Verhuur (debet),45309.533125,45736.970891204,284,284,45309,1,,,,,0,,0,,,345,Ruben Dielkens,H30V L200 Dolly 004,,,,,,,
45488.945243056,46094.193726852,H30V L200 Dolly 005,585,,,,0,0,,,,,,0,0,0,0,Physical combination,Rental,Bulk,0,1,0,2.091,170,60,205,8,8,0,0,,1,Physical equipment,0,All content possible,0,0.21,0,0,,1,1,0,,1,,802,,,Voorbeeld Staffelgroep,,Hoog tarief,,Verhuur,Verhuur (debet),45309.533125,45736.970891204,285,285,45309,1,,,,,0,,0,,,346,Ruben Dielkens,H30V L200 Dolly 005,,,,,,,
45488.945243056,46094.193726852,H30V L200 Dolly 006,586,,,,0,0,,,,,,0,0,0,0,Physical combination,Rental,Bulk,0,1,0,2.091,170,60,205,8,8,0,0,,1,Physical equipment,0,All content possible,0,0.21,0,0,,1,1,0,,1,,803,,,Voorbeeld Staffelgroep,,Hoog tarief,,Verhuur,Verhuur (debet),45309.533125,45736.970891204,286,286,45309,1,,,,,0,,0,,,347,Ruben Dielkens,H30V L200 Dolly 006,,,,,,,
45488.945243056,46094.193726852,H30V L200 Dolly 007,587,,,,0,0,,,,,,0,0,0,0,Physical combination,Rental,Bulk,0,1,0,2.091,170,60,205,8,8,0,0,,1,Physical equipment,0,All content possible,0,0.21,0,0,,1,1,0,,1,,804,,,Voorbeeld Staffelgroep,,Hoog tarief,,Verhuur,Verhuur (debet),45309.533125,45736.970891204,287,287,45309,1,,,,,0,,0,,,348,Ruben Dielkens,H30V L200 Dolly 007,,,,,,,
45488.945243056,46094.193726852,KM-21311 001,588,,,,0,0,,,,,,0,0,0,0,Physical combination,Rental,Bulk,0,1,0,0.075,25,120,25,1,1,0,0,,1,Physical equipment,0,All content possible,0,0.21,0,0,,1,1,0,,1,,805,,,Voorbeeld Staffelgroep,,Hoog tarief,,Verhuur,Verhuur (debet),45309.533125,45736.970891204,29,29,45309,1,,,,,0,,0,,,90,Ruben Dielkens,KM-21311 001,,,,,,,
45488.945243056,46094.193726852,KM-21311 002,589,,,,0,0,,,,,,0,0,0,0,Physical combination,Rental,Bulk,0,1,0,0.075,25,120,25,1,1,0,0,,1,Physical equipment,0,All content possible,0,0.21,0,0,,1,1,0,,1,,806,,,Voorbeeld Staffelgroep,,Hoog tarief,,Verhuur,Verhuur (debet),45309.533125,45736.970891204,30,30,45309,1,,,,,0,,0,,,91,Ruben Dielkens,KM-21311 002,,,,,,,
45488.945243056,46094.193726852,KM-21311 003,590,,,,0,0,,,,,,0,0,0,0,Physical combination,Rental,Bulk,0,1,0,0.075,25,120,25,1,1,0,0,,1,Physical equipment,0,All content possible,0,0.21,0,0,,1,1,0,,1,,807,,,Voorbeeld Staffelgroep,,Hoog tarief,,Verhuur,Verhuur (debet),45309.533125,45736.970891204,31,31,45309,1,,,,,0,,0,,,92,Ruben Dielkens,KM-21311 003,,,,,,,
45488.945243056,46094.193726852,KM-21311 004,591,,,,0,0,,,,,,0,0,0,0,Physical combination,Rental,Bulk,0,1,0,0.075,25,120,25,1,1,0,0,,1,Physical equipment,0,All content possible,0,0.21,0,0,,1,1,0,,1,,808,,,Voorbeeld Staffelgroep,,Hoog tarief,,Verhuur,Verhuur (debet),45309.533125,45736.970891204,32,32,45309,1,,,,,0,,0,,,93,Ruben Dielkens,KM-21311 004,,,,,,,
45488.945243056,46094.193726852,KM-21311 005,592,,,,0,0,,,,,,0,0,0,0,Physical combination,Rental,Bulk,0,1,0,0.075,25,120,25,1,1,0,0,,1,Physical equipment,0,All content possible,0,0.21,0,0,,1,1,0,,1,,809,,,Voorbeeld Staffelgroep,,Hoog tarief,,Verhuur,Verhuur (debet),45309.533125,45736.970891204,33,33,45309,1,,,,,0,,0,,,94,Ruben Dielkens,KM-21311 005,,,,,,,
45488.945243056,46094.193726852,KM-21311 006,593,,,,0,0,,,,,,0,0,0,0,Physical combination,Rental,Bulk,0,1,0,0.075,25,120,25,1,1,0,0,,1,Physical equipment,0,All content possible,0,0.21,0,0,,1,1,0,,1,,810,,,Voorbeeld Staffelgroep,,Hoog tarief,,Verhuur,Verhuur (debet),45309.533125,45736.970891204,34,34,45309,1,,,,,0,,0,,,95,Ruben Dielkens,KM-21311 006,,,,,,,
45488.945243056,46094.193726852,KM-21311 007,594,,,,0,0,,,,,,0,0,0,0,Physical combination,Rental,Bulk,0,1,0,0.075,25,120,25,1,1,0,0,,1,Physical equipment,0,All content possible,0,0.21,0,0,,1,1,0,,1,,811,,,Voorbeeld Staffelgroep,,Hoog tarief,,Verhuur,Verhuur (debet),45309.533125,45736.970891204,35,35,45309,1,,,,,0,,0,,,96,Ruben Dielkens,KM-21311 007,,,,,,,
45488.945243056,46094.193726852,KM-21311 008,595,,,,0,0,,,,,,0,0,0,0,Physical combination,Rental,Bulk,0,1,0,0.075,25,120,25,1,1,0,0,,1,Physical equipment,0,All content possible,0,0.21,0,0,,1,1,0,,1,,812,,,Voorbeeld Staffelgroep,,Hoog tarief,,Verhuur,Verhuur (debet),45309.533125,45736.970891204,36,36,45309,1,,,,,0,,0,,,97,Ruben Dielkens,KM-21311 008,,,,,,,
45488.945243056,46094.193726852,KM-21311 009,596,,,,0,0,,,,,,0,0,0,0,Physical combination,Rental,Bulk,0,1,0,0.075,25,120,25,1,1,0,0,,1,Physical equipment,0,All content possible,0,0.21,0,0,,1,1,0,,1,,813,,,Voorbeeld Staffelgroep,,Hoog tarief,,Verhuur,Verhuur (debet),45309.533125,45736.970891204,37,37,45309,1,,,,,0,,0,,,98,Ruben Dielkens,KM-21311 009,,,,,,,
45488.945243056,46094.193726852,KM-21311 010,597,,,,0,0,,,,,,0,0,0,0,Physical combination,Rental,Bulk,0,1,0,0.075,25,120,25,1,1,0,0,,1,Physical equipment,0,All content possible,0,0.21,0,0,,1,1,0,,1,,814,,,Voorbeeld Staffelgroep,,Hoog tarief,,Verhuur,Verhuur (debet),45309.533125,45736.970891204,38,38,45309,1,,,,,0,,0,,,99,Ruben Dielkens,KM-21311 010,,,,,,,
45488.945243056,46094.193726852,L-Acosutics SB28 Cover 001,598,,,,0,0,,,,,,0,0,0,0,Physical combination,Rental,Bulk,0,1,0,0.55055,77,55,130,2,2,0,0,,1,Physical equipment,0,All content possible,0,0.21,0,0,,1,1,0,,1,,815,,,Voorbeeld Staffelgroep,,Hoog tarief,,Verhuur,Verhuur (debet),45309.533125,45736.970891204,63,63,45309,1,,,,,0,,0,,,124,Ruben Dielkens,L-Acosutics SB28 Cover 001,,,,,,,
45488.945243056,46094.193726852,L-Acosutics SB28 Cover 002,599,,,,0,0,,,,,,0,0,0,0,Physical combination,Rental,Bulk,0,1,0,0.55055,77,55,130,2,2,0,0,,1,Physical equipment,0,All content possible,0,0.21,0,0,,1,1,0,,1,,816,,,Voorbeeld Staffelgroep,,Hoog tarief,,Verhuur,Verhuur (debet),45309.533125,45736.970891204,64,64,45309,1,,,,,0,,0,,,125,Ruben Dielkens,L-Acosutics SB28 Cover 002,,,,,,,
45488.945243056,46094.193726852,L-Acosutics SB28 Cover 003,600,,,,0,0,,,,,,0,0,0,0,Physical combination,Rental,Bulk,0,1,0,0.55055,77,55,130,2,2,0,0,,1,Physical equipment,0,All content possible,0,0.21,0,0,,1,1,0,,1,,817,,,Voorbeeld Staffelgroep,,Hoog tarief,,Verhuur,Verhuur (debet),45309.533125,45736.970891204,65,65,45309,1,,,,,0,,0,,,126,Ruben Dielkens,L-Acosutics SB28 Cover 003,,,,,,,
45488.945243056,46094.193726852,L-Acosutics SB28 Cover 004,601,,,,0,0,,,,,,0,0,0,0,Physical combination,Rental,Bulk,0,1,0,0.55055,77,55,130,2,2,0,0,,1,Physical equipment,0,All content possible,0,0.21,0,0,,1,1,0,,1,,818,,,Voorbeeld Staffelgroep,,Hoog tarief,,Verhuur,Verhuur (debet),45309.533125,45736.970891204,66,66,45309,1,,,,,0,,0,,,127,Ruben Dielkens,L-Acosutics SB28 Cover 004,,,,,,,
45488.945243056,46094.193726852,L-Acosutics SB28 Cover 005,602,,,,0,0,,,,,,0,0,0,0,Physical combination,Rental,Bulk,0,1,0,0.55055,77,55,130,2,2,0,0,,1,Physical equipment,0,All content possible,0,0.21,0,0,,1,1,0,,1,,819,,,Voorbeeld Staffelgroep,,Hoog tarief,,Verhuur,Verhuur (debet),45309.533125,45736.970891204,67,67,45309,1,,,,,0,,0,,,128,Ruben Dielkens,L-Acosutics SB28 Cover 005,,,,,,,
45488.945243056,46094.193726852,L-Acosutics SB28 Cover 006,603,,,,0,0,,,,,,0,0,0,0,Physical combination,Rental,Bulk,0,1,0,0.55055,77,55,130,2,2,0,0,,1,Physical equipment,0,All content possible,0,0.21,0,0,,1,1,0,,1,,820,,,Voorbeeld Staffelgroep,,Hoog tarief,,Verhuur,Verhuur (debet),45309.533125,45736.970891204,68,68,45309,1,,,,,0,,0,,,129,Ruben Dielkens,L-Acosutics SB28 Cover 006,,,,,,,
45488.945243056,46094.193726852,L-Acosutics SB28 Cover 007,604,,,,0,0,,,,,,0,0,0,0,Physical combination,Rental,Bulk,0,1,0,0.55055,77,55,130,2,2,0,0,,1,Physical equipment,0,All content possible,0,0.21,0,0,,1,1,0,,1,,821,,,Voorbeeld Staffelgroep,,Hoog tarief,,Verhuur,Verhuur (debet),45309.533125,45736.970891204,69,69,45309,1,,,,,0,,0,,,130,Ruben Dielkens,L-Acosutics SB28 Cover 007,,,,,,,
45488.945243056,46094.193726852,L-Acosutics SB28 Cover 008,605,,,,0,0,,,,,,0,0,0,0,Physical combination,Rental,Bulk,0,1,0,0.55055,77,55,130,2,2,0,0,,1,Physical equipment,0,All content possible,0,0.21,0,0,,1,1,0,,1,,822,,,Voorbeeld Staffelgroep,,Hoog tarief,,Verhuur,Verhuur (debet),45309.533125,45736.970891204,70,70,45309,1,,,,,0,,0,,,131,Ruben Dielkens,L-Acosutics SB28 Cover 008,,,,,,,
45488.945243056,46094.193726852,L-Acosutics SB28 Cover 009,606,,,,0,0,,,,,,0,0,0,0,Physical combination,Rental,Bulk,0,1,0,0.55055,77,55,130,2,2,0,0,,1,Physical equipment,0,All content possible,0,0.21,0,0,,1,1,0,,1,,823,,,Voorbeeld Staffelgroep,,Hoog tarief,,Verhuur,Verhuur (debet),45309.533125,45736.970891204,71,71,45309,1,,,,,0,,0,,,132,Ruben Dielkens,L-Acosutics SB28 Cover 009,,,,,,,
45488.945243056,46094.193726852,L-Acosutics SB28 Cover 010,607,,,,0,0,,,,,,0,0,0,0,Physical combination,Rental,Bulk,0,1,0,0.55055,77,55,130,2,2,0,0,,1,Physical equipment,0,All content possible,0,0.21,0,0,,1,1,0,,1,,824,,,Voorbeeld Staffelgroep,,Hoog tarief,,Verhuur,Verhuur (debet),45309.533125,45736.970891204,72,72,45309,1,,,,,0,,0,,,133,Ruben Dielkens,L-Acosutics SB28 Cover 010,,,,,,,
45488.945243056,46094.193726852,L-Acosutics SB28 Cover 011,608,,,,0,0,,,,,,0,0,0,0,Physical combination,Rental,Bulk,0,1,0,0.55055,77,55,130,2,2,0,0,,1,Physical equipment,0,All content possible,0,0.21,0,0,,1,1,0,,1,,825,,,Voorbeeld Staffelgroep,,Hoog tarief,,Verhuur,Verhuur (debet),45309.533125,45736.970891204,73,73,45309,1,,,,,0,,0,,,134,Ruben Dielkens,L-Acosutics SB28 Cover 011,,,,,,,
45488.945243056,46094.193726852,L-Acosutics SB28 Cover 012,609,,,,0,0,,,,,,0,0,0,0,Physical combination,Rental,Bulk,0,1,0,0.55055,77,55,130,2,2,0,0,,1,Physical equipment,0,All content possible,0,0.21,0,0,,1,1,0,,1,,826,,,Voorbeeld Staffelgroep,,Hoog tarief,,Verhuur,Verhuur (debet),45309.533125,45736.970891204,74,74,45309,1,,,,,0,,0,,,135,Ruben Dielkens,L-Acosutics SB28 Cover 012,,,,,,,
45488.945243056,46094.193726852,L-Acosutics SB28 Cover 013,610,,,,0,0,,,,,,0,0,0,0,Physical combination,Rental,Bulk,0,1,0,0.55055,77,55,130,2,2,0,0,,1,Physical equipment,0,All content possible,0,0.21,0,0,,1,1,0,,1,,827,,,Voorbeeld Staffelgroep,,Hoog tarief,,Verhuur,Verhuur (debet),45309.533125,45736.970891204,75,75,45309,1,,,,,0,,0,,,136,Ruben Dielkens,L-Acosutics SB28 Cover 013,,,,,,,
45488.945243056,46094.193726852,L-Acosutics SB28 Cover 014,611,,,,0,0,,,,,,0,0,0,0,Physical combination,Rental,Bulk,0,1,0,0.55055,77,55,130,2,2,0,0,,1,Physical equipment,0,All content possible,0,0.21,0,0,,1,1,0,,1,,828,,,Voorbeeld Staffelgroep,,Hoog tarief,,Verhuur,Verhuur (debet),45309.533125,45736.970891204,76,76,45309,1,,,,,0,,0,,,137,Ruben Dielkens,L-Acosutics SB28 Cover 014,,,,,,,
45488.945243056,46094.193726852,L-Acosutics SB28 Cover 015,612,,,,0,0,,,,,,0,0,0,0,Physical combination,Rental,Bulk,0,1,0,0.55055,77,55,130,2,2,0,0,,1,Physical equipment,0,All content possible,0,0.21,0,0,,1,1,0,,1,,829,,,Voorbeeld Staffelgroep,,Hoog tarief,,Verhuur,Verhuur (debet),45309.533125,45736.970891204,77,77,45309,1,,,,,0,,0,,,138,Ruben Dielkens,L-Acosutics SB28 Cover 015,,,,,,,
45488.945243056,46094.193726852,L-Acosutics SB28 Cover 016,613,,,,0,0,,,,,,0,0,0,0,Physical combination,Rental,Bulk,0,1,0,0.55055,77,55,130,2,2,0,0,,1,Physical equipment,0,All content possible,0,0.21,0,0,,1,1,0,,1,,830,,,Voorbeeld Staffelgroep,,Hoog tarief,,Verhuur,Verhuur (debet),45309.533125,45736.970891204,78,78,45309,1,,,,,0,,0,,,139,Ruben Dielkens,L-Acosutics SB28 Cover 016,,,,,,,
45488.945243056,46094.193726852,L-Acosutics SB28 Cover 017,614,,,,0,0,,,,,,0,0,0,0,Physical combination,Rental,Bulk,0,1,0,0.55055,77,55,130,2,2,0,0,,1,Physical equipment,0,All content possible,0,0.21,0,0,,1,1,0,,1,,831,,,Voorbeeld Staffelgroep,,Hoog tarief,,Verhuur,Verhuur (debet),45309.533125,45736.970891204,79,79,45309,1,,,,,0,,0,,,140,Ruben Dielkens,L-Acosutics SB28 Cover 017,,,,,,,
45488.945243056,46094.193726852,L-Acosutics SB28 Cover 018,615,,,,0,0,,,,,,0,0,0,0,Physical combination,Rental,Bulk,0,1,0,0.55055,77,55,130,2,2,0,0,,1,Physical equipment,0,All content possible,0,0.21,0,0,,1,1,0,,1,,832,,,Voorbeeld Staffelgroep,,Hoog tarief,,Verhuur,Verhuur (debet),45309.533125,45736.970891204,80,80,45309,1,,,,,0,,0,,,141,Ruben Dielkens,L-Acosutics SB28 Cover 018,,,,,,,
45488.945243056,46094.193726852,L-Acosutics SB28 Cover 019,616,,,,0,0,,,,,,0,0,0,0,Physical combination,Rental,Bulk,0,1,0,0.55055,77,55,130,2,2,0,0,,1,Physical equipment,0,All content possible,0,0.21,0,0,,1,1,0,,1,,833,,,Voorbeeld Staffelgroep,,Hoog tarief,,Verhuur,Verhuur (debet),45309.533125,45736.970891204,81,81,45309,1,,,,,0,,0,,,142,Ruben Dielkens,L-Acosutics SB28 Cover 019,,,,,,,
45488.945243056,46094.193726852,L-Acosutics SB28 Cover 020,617,,,,0,0,,,,,,0,0,0,0,Physical combination,Rental,Bulk,0,1,0,0.55055,77,55,130,2,2,0,0,,1,Physical equipment,0,All content possible,0,0.21,0,0,,1,1,0,,1,,834,,,Voorbeeld Staffelgroep,,Hoog tarief,,Verhuur,Verhuur (debet),45309.533125,45736.970891204,82,82,45309,1,,,,,0,,0,,,143,Ruben Dielkens,L-Acosutics SB28 Cover 020,,,,,,,
45488.945243056,46094.193726852,L-Acosutics SB28 Cover 021,618,,,,0,0,,,,,,0,0,0,0,Physical combination,Rental,Bulk,0,1,0,0.55055,77,55,130,2,2,0,0,,1,Physical equipment,0,All content possible,0,0.21,0,0,,1,1,0,,1,,835,,,Voorbeeld Staffelgroep,,Hoog tarief,,Verhuur,Verhuur (debet),45309.533125,45736.970891204,83,83,45309,1,,,,,0,,0,,,144,Ruben Dielkens,L-Acosutics SB28 Cover 021,,,,,,,
45488.945243056,46094.193726852,L-Acosutics SB28 Cover 022,619,,,,0,0,,,,,,0,0,0,0,Physical combination,Rental,Bulk,0,1,0,0.55055,77,55,130,2,2,0,0,,1,Physical equipment,0,All content possible,0,0.21,0,0,,1,1,0,,1,,836,,,Voorbeeld Staffelgroep,,Hoog tarief,,Verhuur,Verhuur (debet),45309.533125,45736.970891204,84,84,45309,1,,,,,0,,0,,,145,Ruben Dielkens,L-Acosutics SB28 Cover 022,,,,,,,
45488.945243056,46094.193726852,L-Acosutics SB28 Cover 023,620,,,,0,0,,,,,,0,0,0,0,Physical combination,Rental,Bulk,0,1,0,0.55055,77,55,130,2,2,0,0,,1,Physical equipment,0,All content possible,0,0.21,0,0,,1,1,0,,1,,837,,,Voorbeeld Staffelgroep,,Hoog tarief,,Verhuur,Verhuur (debet),45309.533125,45736.970891204,85,85,45309,1,,,,,0,,0,,,146,Ruben Dielkens,L-Acosutics SB28 Cover 023,,,,,,,
45488.945243056,46094.193726852,L-Acosutics SB28 Cover 024,621,,,,0,0,,,,,,0,0,0,0,Physical combination,Rental,Bulk,0,1,0,0.55055,77,55,130,2,2,0,0,,1,Physical equipment,0,All content possible,0,0.21,0,0,,1,1,0,,1,,838,,,Voorbeeld Staffelgroep,,Hoog tarief,,Verhuur,Verhuur (debet),45309.533125,45736.970891204,86,86,45309,1,,,,,0,,0,,,147,Ruben Dielkens,L-Acosutics SB28 Cover 024,,,,,,,
45488.945243056,46094.193726852,L-Acosutics SB28 Cover 025,622,,,,0,0,,,,,,0,0,0,0,Physical combination,Rental,Bulk,0,1,0,0.55055,77,55,130,2,2,0,0,,1,Physical equipment,0,All content possible,0,0.21,0,0,,1,1,0,,1,,839,,,Voorbeeld Staffelgroep,,Hoog tarief,,Verhuur,Verhuur (debet),45309.533125,45736.970891204,87,87,45309,1,,,,,0,,0,,,148,Ruben Dielkens,L-Acosutics SB28 Cover 025,,,,,,,
45488.945243056,46094.193726852,L-Acosutics SB28 Cover 026,623,,,,0,0,,,,,,0,0,0,0,Physical combination,Rental,Bulk,0,1,0,0.55055,77,55,130,2,2,0,0,,1,Physical equipment,0,All content possible,0,0.21,0,0,,1,1,0,,1,,840,,,Voorbeeld Staffelgroep,,Hoog tarief,,Verhuur,Verhuur (debet),45309.533125,45736.970891204,88,88,45309,1,,,,,0,,0,,,149,Ruben Dielkens,L-Acosutics SB28 Cover 026,,,,,,,
45488.945243056,46094.193726852,L-Acosutics SB28 Cover 027,624,,,,0,0,,,,,,0,0,0,0,Physical combination,Rental,Bulk,0,1,0,0.55055,77,55,130,2,2,0,0,,1,Physical equipment,0,All content possible,0,0.21,0,0,,1,1,0,,1,,841,,,Voorbeeld Staffelgroep,,Hoog tarief,,Verhuur,Verhuur (debet),45309.533125,45736.970891204,89,89,45309,1,,,,,0,,0,,,150,Ruben Dielkens,L-Acosutics SB28 Cover 027,,,,,,,
45488.945243056,46094.193726852,L-Acosutics SB28 Cover 028,625,,,,0,0,,,,,,0,0,0,0,Physical combination,Rental,Bulk,0,1,0,0.55055,77,55,130,2,2,0,0,,1,Physical equipment,0,All content possible,0,0.21,0,0,,1,1,0,,1,,842,,,Voorbeeld Staffelgroep,,Hoog tarief,,Verhuur,Verhuur (debet),45309.533125,45736.970891204,90,90,45309,1,,,,,0,,0,,,151,Ruben Dielkens,L-Acosutics SB28 Cover 028,,,,,,,
45488.945243056,46094.193726852,L-Acosutics SB28 Cover 029,626,,,,0,0,,,,,,0,0,0,0,Physical combination,Rental,Bulk,0,1,0,0.55055,77,55,130,2,2,0,0,,1,Physical equipment,0,All content possible,0,0.21,0,0,,1,1,0,,1,,843,,,Voorbeeld Staffelgroep,,Hoog tarief,,Verhuur,Verhuur (debet),45309.533125,45736.970891204,91,91,45309,1,,,,,0,,0,,,152,Ruben Dielkens,L-Acosutics SB28 Cover 029,,,,,,,
45488.945243056,46094.193726852,L-Acosutics SB28 Cover 030,627,,,,0,0,,,,,,0,0,0,0,Physical combination,Rental,Bulk,0,1,0,0.55055,77,55,130,2,2,0,0,,1,Physical equipment,0,All content possible,0,0.21,0,0,,1,1,0,,1,,844,,,Voorbeeld Staffelgroep,,Hoog tarief,,Verhuur,Verhuur (debet),45309.533125,45736.970891204,92,92,45309,1,,,,,0,,0,,,153,Ruben Dielkens,L-Acosutics SB28 Cover 030,,,,,,,
45488.945243056,46094.193726852,L-Acosutics SB28 Cover 031,628,,,,0,0,,,,,,0,0,0,0,Physical combination,Rental,Bulk,0,1,0,0.55055,77,55,130,2,2,0,0,,1,Physical equipment,0,All content possible,0,0.21,0,0,,1,1,0,,1,,845,,,Voorbeeld Staffelgroep,,Hoog tarief,,Verhuur,Verhuur (debet),45309.533125,45736.970891204,93,93,45309,1,,,,,0,,0,,,154,Ruben Dielkens,L-Acosutics SB28 Cover 031,,,,,,,
45488.945243056,46094.193726852,L-Acosutics SB28 Cover 032,629,,,,0,0,,,,,,0,0,0,0,Physical combination,Rental,Bulk,0,1,0,0.55055,77,55,130,2,2,0,0,,1,Physical equipment,0,All content possible,0,0.21,0,0,,1,1,0,,1,,846,,,Voorbeeld Staffelgroep,,Hoog tarief,,Verhuur,Verhuur (debet),45309.533125,45736.970891204,94,94,45309,1,,,,,0,,0,,,155,Ruben Dielkens,L-Acosutics SB28 Cover 032,,,,,,,
45488.945243056,46094.193726852,L-Acoustics 112P Twin Flightcase 001,630,,,,0,0,,,,,,0,0,0,0,Physical combination,Rental,Bulk,0,1,0,0.2752,80,43,80,29,29,0,0,,1,Physical equipment,0,All content possible,0,0.21,0,0,,1,1,0,,1,,847,,,Voorbeeld Staffelgroep,,Hoog tarief,,Verhuur,Verhuur (debet),45309.533125,45736.970891204,39,39,45309,1,,,,,0,,0,,,100,Ruben Dielkens,L-Acoustics 112P Twin Flightcase 001,,,,,,,
45488.945243056,46094.193726852,L-Acoustics 112P Twin Flightcase 002,631,,,,0,0,,,,,,0,0,0,0,Physical combination,Rental,Bulk,0,1,0,0.2752,80,43,80,29,29,0,0,,1,Physical equipment,0,All content possible,0,0.21,0,0,,1,1,0,,1,,848,,,Voorbeeld Staffelgroep,,Hoog tarief,,Verhuur,Verhuur (debet),45309.533125,45736.970891204,40,40,45309,1,,,,,0,,0,,,101,Ruben Dielkens,L-Acoustics 112P Twin Flightcase 002,,,,,,,
45488.945243056,46094.193726852,L-Acoustics 112P Twin Flightcase 003,632,,,,0,0,,,,,,0,0,0,0,Physical combination,Rental,Bulk,0,1,0,0.2752,80,43,80,29,29,0,0,,1,Physical equipment,0,All content possible,0,0.21,0,0,,1,1,0,,1,,849,,,Voorbeeld Staffelgroep,,Hoog tarief,,Verhuur,Verhuur (debet),45309.533125,45736.970891204,41,41,45309,1,,,,,0,,0,,,102,Ruben Dielkens,L-Acoustics 112P Twin Flightcase 003,,,,,,,
45488.945243056,46094.193726852,L-Acoustics 112P Twin Flightcase 004,633,,,,0,0,,,,,,0,0,0,0,Physical combination,Rental,Bulk,0,1,0,0.2752,80,43,80,29,29,0,0,,1,Physical equipment,0,All content possible,0,0.21,0,0,,1,1,0,,1,,850,,,Voorbeeld Staffelgroep,,Hoog tarief,,Verhuur,Verhuur (debet),45309.533125,45736.970891204,42,42,45309,1,,,,,0,,0,,,103,Ruben Dielkens,L-Acoustics 112P Twin Flightcase 004,,,,,,,
45488.945243056,46094.193726852,L-Acoustics 112P Twin Flightcase 005,634,,,,0,0,,,,,,0,0,0,0,Physical combination,Rental,Bulk,0,1,0,0.2752,80,43,80,29,29,0,0,,1,Physical equipment,0,All content possible,0,0.21,0,0,,1,1,0,,1,,851,,,Voorbeeld Staffelgroep,,Hoog tarief,,Verhuur,Verhuur (debet),45309.533125,45736.970891204,43,43,45309,1,,,,,0,,0,,,104,Ruben Dielkens,L-Acoustics 112P Twin Flightcase 005,,,,,,,
45488.945243056,46094.193726852,L-Acoustics 112P Twin Flightcase 006,635,,,,0,0,,,,,,0,0,0,0,Physical combination,Rental,Bulk,0,1,0,0.2752,80,43,80,29,29,0,0,,1,Physical equipment,0,All content possible,0,0.21,0,0,,1,1,0,,1,,852,,,Voorbeeld Staffelgroep,,Hoog tarief,,Verhuur,Verhuur (debet),45309.533125,45736.970891204,44,44,45309,1,,,,,0,,0,,,105,Ruben Dielkens,L-Acoustics 112P Twin Flightcase 006,,,,,,,
45488.945243056,46094.193726852,L-Acoustics 112P Twin Flightcase 007,636,,,,0,0,,,,,,0,0,0,0,Physical combination,Rental,Bulk,0,1,0,0.2752,80,43,80,29,29,0,0,,1,Physical equipment,0,All content possible,0,0.21,0,0,,1,1,0,,1,,853,,,Voorbeeld Staffelgroep,,Hoog tarief,,Verhuur,Verhuur (debet),45309.533125,45736.970891204,45,45,45309,1,,,,,0,,0,,,106,Ruben Dielkens,L-Acoustics 112P Twin Flightcase 007,,,,,,,
45488.945243056,46094.193726852,L-Acoustics 112P Twin Flightcase 008,637,,,,0,0,,,,,,0,0,0,0,Physical combination,Rental,Bulk,0,1,0,0.2752,80,43,80,29,29,0,0,,1,Physical equipment,0,All content possible,0,0.21,0,0,,1,1,0,,1,,854,,,Voorbeeld Staffelgroep,,Hoog tarief,,Verhuur,Verhuur (debet),45309.533125,45736.970891204,46,46,45309,1,,,,,0,,0,,,107,Ruben Dielkens,L-Acoustics 112P Twin Flightcase 008,,,,,,,
45488.945243056,46094.193726852,L-Acoustics 112P Twin Flightcase 009,638,,,,0,0,,,,,,0,0,0,0,Physical combination,Rental,Bulk,0,1,0,0.2752,80,43,80,29,29,0,0,,1,Physical equipment,0,All content possible,0,0.21,0,0,,1,1,0,,1,,855,,,Voorbeeld Staffelgroep,,Hoog tarief,,Verhuur,Verhuur (debet),45309.533125,45736.970891204,47,47,45309,1,,,,,0,,0,,,108,Ruben Dielkens,L-Acoustics 112P Twin Flightcase 009,,,,,,,
45488.945243056,46094.193726852,L-Acoustics 112P Twin Flightcase 010,639,,,,0,0,,,,,,0,0,0,0,Physical combination,Rental,Bulk,0,1,0,0.2752,80,43,80,29,29,0,0,,1,Physical equipment,0,All content possible,0,0.21,0,0,,1,1,0,,1,,856,,,Voorbeeld Staffelgroep,,Hoog tarief,,Verhuur,Verhuur (debet),45309.533125,45736.970891204,48,48,45309,1,,,,,0,,0,,,109,Ruben Dielkens,L-Acoustics 112P Twin Flightcase 010,,,,,,,
45488.945243056,46094.193726852,L-Acoustics 112P Twin Flightcase 011,640,,,,0,0,,,,,,0,0,0,0,Physical combination,Rental,Bulk,0,1,0,0.2752,80,43,80,29,29,0,0,,1,Physical equipment,0,All content possible,0,0.21,0,0,,1,1,0,,1,,857,,,Voorbeeld Staffelgroep,,Hoog tarief,,Verhuur,Verhuur (debet),45309.533125,45736.970891204,49,49,45309,1,,,,,0,,0,,,110,Ruben Dielkens,L-Acoustics 112P Twin Flightcase 011,,,,,,,
45488.945243056,46094.193726852,L-Acoustics 112P Twin Flightcase 012,641,,,,0,0,,,,,,0,0,0,0,Physical combination,Rental,Bulk,0,1,0,0.2752,80,43,80,29,29,0,0,,1,Physical equipment,0,All content possible,0,0.21,0,0,,1,1,0,,1,,858,,,Voorbeeld Staffelgroep,,Hoog tarief,,Verhuur,Verhuur (debet),45309.533125,45736.970891204,50,50,45309,1,,,,,0,,0,,,111,Ruben Dielkens,L-Acoustics 112P Twin Flightcase 012,,,,,,,
45488.945243056,46094.193726852,L-Acoustics 112P Twin Flightcase 013,642,,,,0,0,,,,,,0,0,0,0,Physical combination,Rental,Bulk,0,1,0,0.2752,80,43,80,29,29,0,0,,1,Physical equipment,0,All content possible,0,0.21,0,0,,1,1,0,,1,,859,,,Voorbeeld Staffelgroep,,Hoog tarief,,Verhuur,Verhuur (debet),45309.533125,45736.970891204,51,51,45309,1,,,,,0,,0,,,112,Ruben Dielkens,L-Acoustics 112P Twin Flightcase 013,,,,,,,
45488.945243056,46094.193726852,L-Acoustics 112P Twin Flightcase 014,643,,,,0,0,,,,,,0,0,0,0,Physical combination,Rental,Bulk,0,1,0,0.2752,80,43,80,29,29,0,0,,1,Physical equipment,0,All content possible,0,0.21,0,0,,1,1,0,,1,,860,,,Voorbeeld Staffelgroep,,Hoog tarief,,Verhuur,Verhuur (debet),45309.533125,45736.970891204,52,52,45309,1,,,,,0,,0,,,113,Ruben Dielkens,L-Acoustics 112P Twin Flightcase 014,,,,,,,
45488.945243056,46094.193726852,L-Acoustics 112P Twin Flightcase 015,644,,,,0,0,,,,,,0,0,0,0,Physical combination,Rental,Bulk,0,1,0,0.2752,80,43,80,29,29,0,0,,1,Physical equipment,0,All content possible,0,0.21,0,0,,1,1,0,,1,,861,,,Voorbeeld Staffelgroep,,Hoog tarief,,Verhuur,Verhuur (debet),45309.533125,45736.970891204,53,53,45309,1,,,,,0,,0,,,114,Ruben Dielkens,L-Acoustics 112P Twin Flightcase 015,,,,,,,
45488.945243056,46094.193726852,L-Acoustics 112P Twin Flightcase 016,645,,,,0,0,,,,,,0,0,0,0,Physical combination,Rental,Bulk,0,1,0,0.2752,80,43,80,29,29,0,0,,1,Physical equipment,0,All content possible,0,0.21,0,0,,1,1,0,,1,,862,,,Voorbeeld Staffelgroep,,Hoog tarief,,Verhuur,Verhuur (debet),45309.533125,45736.970891204,54,54,45309,1,,,,,0,,0,,,115,Ruben Dielkens,L-Acoustics 112P Twin Flightcase 016,,,,,,,
45488.945243056,46094.193726852,L-Acoustics 112P Twin Flightcase 017,646,,,,0,0,,,,,,0,0,0,0,Physical combination,Rental,Bulk,0,1,0,0.2752,80,43,80,29,29,0,0,,1,Physical equipment,0,All content possible,0,0.21,0,0,,1,1,0,,1,,863,,,Voorbeeld Staffelgroep,,Hoog tarief,,Verhuur,Verhuur (debet),45309.533125,45736.970891204,55,55,45309,1,,,,,0,,0,,,116,Ruben Dielkens,L-Acoustics 112P Twin Flightcase 017,,,,,,,
45488.945243056,46094.193726852,L-Acoustics 112P Twin Flightcase 018,647,,,,0,0,,,,,,0,0,0,0,Physical combination,Rental,Bulk,0,1,0,0.2752,80,43,80,29,29,0,0,,1,Physical equipment,0,All content possible,0,0.21,0,0,,1,1,0,,1,,864,,,Voorbeeld Staffelgroep,,Hoog tarief,,Verhuur,Verhuur (debet),45309.533125,45736.970891204,56,56,45309,1,,,,,0,,0,,,117,Ruben Dielkens,L-Acoustics 112P Twin Flightcase 018,,,,,,,
45488.945243056,46094.193726852,L-Acoustics 112P Twin Flightcase 019,648,,,,0,0,,,,,,0,0,0,0,Physical combination,Rental,Bulk,0,1,0,0.2752,80,43,80,29,29,0,0,,1,Physical equipment,0,All content possible,0,0.21,0,0,,1,1,0,,1,,865,,,Voorbeeld Staffelgroep,,Hoog tarief,,Verhuur,Verhuur (debet),45309.533125,45736.970891204,57,57,45309,1,,,,,0,,0,,,118,Ruben Dielkens,L-Acoustics 112P Twin Flightcase 019,,,,,,,
45488.945243056,46094.193726852,L-Acoustics 112P Twin Flightcase 020,649,,,,0,0,,,,,,0,0,0,0,Physical combination,Rental,Bulk,0,1,0,0.2752,80,43,80,29,29,0,0,,1,Physical equipment,0,All content possible,0,0.21,0,0,,1,1,0,,1,,866,,,Voorbeeld Staffelgroep,,Hoog tarief,,Verhuur,Verhuur (debet),45309.533125,45736.970891204,58,58,45309,1,,,,,0,,0,,,119,Ruben Dielkens,L-Acoustics 112P Twin Flightcase 020,,,,,,,
45488.945243056,46094.193726852,L-Acoustics 112P Twin Flightcase 021,650,,,,0,0,,,,,,0,0,0,0,Physical combination,Rental,Bulk,0,1,0,0.2752,80,43,80,29,29,0,0,,1,Physical equipment,0,All content possible,0,0.21,0,0,,1,1,0,,1,,867,,,Voorbeeld Staffelgroep,,Hoog tarief,,Verhuur,Verhuur (debet),45309.533125,45736.970891204,59,59,45309,1,,,,,0,,0,,,120,Ruben Dielkens,L-Acoustics 112P Twin Flightcase 021,,,,,,,
45488.945243056,46094.193726852,L-Acoustics 112P Twin Flightcase 022,651,,,,0,0,,,,,,0,0,0,0,Physical combination,Rental,Bulk,0,1,0,0.2752,80,43,80,29,29,0,0,,1,Physical equipment,0,All content possible,0,0.21,0,0,,1,1,0,,1,,868,,,Voorbeeld Staffelgroep,,Hoog tarief,,Verhuur,Verhuur (debet),45309.533125,45736.970891204,60,60,45309,1,,,,,0,,0,,,121,Ruben Dielkens,L-Acoustics 112P Twin Flightcase 022,,,,,,,
45488.945243056,46094.193726852,L-Acoustics 112P Twin Flightcase 023,652,,,,0,0,,,,,,0,0,0,0,Physical combination,Rental,Bulk,0,1,0,0.2752,80,43,80,29,29,0,0,,1,Physical equipment,0,All content possible,0,0.21,0,0,,1,1,0,,1,,869,,,Voorbeeld Staffelgroep,,Hoog tarief,,Verhuur,Verhuur (debet),45309.533125,45736.970891204,61,61,45309,1,,,,,0,,0,,,122,Ruben Dielkens,L-Acoustics 112P Twin Flightcase 023,,,,,,,
45488.945243056,46094.193726852,L-Acoustics 112P Twin Flightcase 024,653,,,,0,0,,,,,,0,0,0,0,Physical combination,Rental,Bulk,0,1,0,0.2752,80,43,80,29,29,0,0,,1,Physical equipment,0,All content possible,0,0.21,0,0,,1,1,0,,1,,870,,,Voorbeeld Staffelgroep,,Hoog tarief,,Verhuur,Verhuur (debet),45309.533125,45736.970891204,62,62,45309,1,,,,,0,,0,,,123,Ruben Dielkens,L-Acoustics 112P Twin Flightcase 024,,,,,,,
45488.945243056,46094.193726852,L-Acoustics 115FM twin Flightcase 001,654,,,,0,0,,,,,,0,0,0,0,Physical combination,Rental,Bulk,0,1,0,0.54,90,60,100,24,24,0,0,,1,Physical equipment,0,All content possible,0,0.21,0,0,,1,1,0,,1,,871,,,Voorbeeld Staffelgroep,,Hoog tarief,,Verhuur,Verhuur (debet),45309.533125,45736.970891204,129,129,45309,1,,,,,0,,0,,,190,Ruben Dielkens,L-Acoustics 115FM twin Flightcase 001,,,,,,,
45488.945243056,46094.193726852,L-Acoustics 115FM twin Flightcase 002,655,,,,0,0,,,,,,0,0,0,0,Physical combination,Rental,Bulk,0,1,0,0.54,90,60,100,24,24,0,0,,1,Physical equipment,0,All content possible,0,0.21,0,0,,1,1,0,,1,,872,,,Voorbeeld Staffelgroep,,Hoog tarief,,Verhuur,Verhuur (debet),45309.533125,45736.970891204,130,130,45309,1,,,,,0,,0,,,191,Ruben Dielkens,L-Acoustics 115FM twin Flightcase 002,,,,,,,
45488.945243056,46094.193726852,L-Acoustics 115FM twin Flightcase 003,656,,,,0,0,,,,,,0,0,0,0,Physical combination,Rental,Bulk,0,1,0,0.54,90,60,100,24,24,0,0,,1,Physical equipment,0,All content possible,0,0.21,0,0,,1,1,0,,1,,873,,,Voorbeeld Staffelgroep,,Hoog tarief,,Verhuur,Verhuur (debet),45309.533125,45736.970891204,131,131,45309,1,,,,,0,,0,,,192,Ruben Dielkens,L-Acoustics 115FM twin Flightcase 003,,,,,,,
45488.945243056,46094.193726852,L-Acoustics 115FM twin Flightcase 004,657,,,,0,0,,,,,,0,0,0,0,Physical combination,Rental,Bulk,0,1,0,0.54,90,60,100,24,24,0,0,,1,Physical equipment,0,All content possible,0,0.21,0,0,,1,1,0,,1,,874,,,Voorbeeld Staffelgroep,,Hoog tarief,,Verhuur,Verhuur (debet),45309.533125,45736.970891204,132,132,45309,1,,,,,0,,0,,,193,Ruben Dielkens,L-Acoustics 115FM twin Flightcase 004,,,,,,,
45488.945243056,46094.193726852,L-Acoustics 115FM twin Flightcase 005,658,,,,0,0,,,,,,0,0,0,0,Physical combination,Rental,Bulk,0,1,0,0.54,90,60,100,24,24,0,0,,1,Physical equipment,0,All content possible,0,0.21,0,0,,1,1,0,,1,,875,,,Voorbeeld Staffelgroep,,Hoog tarief,,Verhuur,Verhuur (debet),45309.533125,45736.970891204,133,133,45309,1,,,,,0,,0,,,194,Ruben Dielkens,L-Acoustics 115FM twin Flightcase 005,,,,,,,
45488.945243056,46094.193726852,L-Acoustics 115FM twin Flightcase 006,659,,,,0,0,,,,,,0,0,0,0,Physical combination,Rental,Bulk,0,1,0,0.54,90,60,100,24,24,0,0,,1,Physical equipment,0,All content possible,0,0.21,0,0,,1,1,0,,1,,876,,,Voorbeeld Staffelgroep,,Hoog tarief,,Verhuur,Verhuur (debet),45309.533125,45736.970891204,134,134,45309,1,,,,,0,,0,,,195,Ruben Dielkens,L-Acoustics 115FM twin Flightcase 006,,,,,,,
45488.945243056,46094.193726852,L-Acoustics 115FM twin Flightcase 007,660,,,,0,0,,,,,,0,0,0,0,Physical combination,Rental,Bulk,0,1,0,0.54,90,60,100,24,24,0,0,,1,Physical equipment,0,All content possible,0,0.21,0,0,,1,1,0,,1,,877,,,Voorbeeld Staffelgroep,,Hoog tarief,,Verhuur,Verhuur (debet),45309.533125,45736.970891204,135,135,45309,1,,,,,0,,0,,,196,Ruben Dielkens,L-Acoustics 115FM twin Flightcase 007,,,,,,,
45488.945243056,46094.193726852,L-Acoustics 115FM twin Flightcase 008,661,,,,0,0,,,,,,0,0,0,0,Physical combination,Rental,Bulk,0,1,0,0.54,90,60,100,24,24,0,0,,1,Physical equipment,0,All content possible,0,0.21,0,0,,1,1,0,,1,,878,,,Voorbeeld Staffelgroep,,Hoog tarief,,Verhuur,Verhuur (debet),45309.533125,45736.970891204,136,136,45309,1,,,,,0,,0,,,197,Ruben Dielkens,L-Acoustics 115FM twin Flightcase 008,,,,,,,
45488.945243056,46094.193726852,L-Acoustics 115FM twin Flightcase 009,662,,,,0,0,,,,,,0,0,0,0,Physical combination,Rental,Bulk,0,1,0,0.54,90,60,100,24,24,0,0,,1,Physical equipment,0,All content possible,0,0.21,0,0,,1,1,0,,1,,879,,,Voorbeeld Staffelgroep,,Hoog tarief,,Verhuur,Verhuur (debet),45309.533125,45736.970891204,137,137,45309,1,,,,,0,,0,,,198,Ruben Dielkens,L-Acoustics 115FM twin Flightcase 009,,,,,,,
45488.945243056,46094.193726852,L-Acoustics 115FM twin Flightcase 010,663,,,,0,0,,,,,,0,0,0,0,Physical combination,Rental,Bulk,0,1,0,0.54,90,60,100,24,24,0,0,,1,Physical equipment,0,All content possible,0,0.21,0,0,,1,1,0,,1,,880,,,Voorbeeld Staffelgroep,,Hoog tarief,,Verhuur,Verhuur (debet),45309.533125,45736.970891204,138,138,45309,1,,,,,0,,0,,,199,Ruben Dielkens,L-Acoustics 115FM twin Flightcase 010,,,,,,,
45488.945243056,46094.193726852,L-Acoustics Kiva II Cover 001,664,,,,0,0,,,,,,0,0,0,0,Physical combination,Rental,Bulk,0,1,0,0.241203,123,37,53,4,4,0,0,,1,Physical equipment,0,All content possible,0,0.21,0,0,,1,1,0,,1,,881,,,Voorbeeld Staffelgroep,,Hoog tarief,,Verhuur,Verhuur (debet),45309.533125,45736.970891204,95,95,45309,1,,,,,0,,0,,,156,Ruben Dielkens,L-Acoustics Kiva II Cover 001,,,,,,,
45488.945243056,46094.193726852,L-Acoustics Kiva II Cover 002,665,,,,0,0,,,,,,0,0,0,0,Physical combination,Rental,Bulk,0,1,0,0.241203,123,37,53,4,4,0,0,,1,Physical equipment,0,All content possible,0,0.21,0,0,,1,1,0,,1,,882,,,Voorbeeld Staffelgroep,,Hoog tarief,,Verhuur,Verhuur (debet),45309.533125,45736.970891204,96,96,45309,1,,,,,0,,0,,,157,Ruben Dielkens,L-Acoustics Kiva II Cover 002,,,,,,,
45488.945243056,46094.193726852,MA Lighting Lightcommander II 24/6 Flightcase 001,666,,,,0,0,,,,,,0,0,0,0,Physical combination,Rental,Bulk,0,1,0,0.150875,25,71,85,23,23,0,0,,1,Physical equipment,0,All content possible,0,0.21,0,0,,1,1,0,,1,,883,,,Voorbeeld Staffelgroep,,Hoog tarief,,Verhuur,Verhuur (debet),45309.533125,45736.970891204,163,163,45309,1,,,,,0,,0,,,224,Ruben Dielkens,MA Lighting Lightcommander II 24/6 Flightcase 001,,,,,,,
45488.945243056,46094.193726852,MA Lighting Lightcommander II 24/6 Flightcase 002,667,,,,0,0,,,,,,0,0,0,0,Physical combination,Rental,Bulk,0,1,0,0.150875,25,71,85,23,23,0,0,,1,Physical equipment,0,All content possible,0,0.21,0,0,,1,1,0,,1,,884,,,Voorbeeld Staffelgroep,,Hoog tarief,,Verhuur,Verhuur (debet),45309.533125,45736.970891204,164,164,45309,1,,,,,0,,0,,,225,Ruben Dielkens,MA Lighting Lightcommander II 24/6 Flightcase 002,,,,,,,
45488.945243056,46094.193726852,MA Lighting Lightcommander II 24/6 Flightcase 003,668,,,,0,0,,,,,,0,0,0,0,Physical combination,Rental,Bulk,0,1,0,0.150875,25,71,85,23,23,0,0,,1,Physical equipment,0,All content possible,0,0.21,0,0,,1,1,0,,1,,885,,,Voorbeeld Staffelgroep,,Hoog tarief,,Verhuur,Verhuur (debet),45309.533125,45736.970891204,165,165,45309,1,,,,,0,,0,,,226,Ruben Dielkens,MA Lighting Lightcommander II 24/6 Flightcase 003,,,,,,,
45488.945243056,46094.193726852,Martin MAC Viper Twin Flightcase 001,669,,,,0,0,,,,,,0,0,0,0,Physical combination,Rental,Bulk,0,1,0,0.4725,75,60,105,24,24,0,0,,1,Physical equipment,0,All content possible,0,0.21,0,0,,1,1,0,,1,,886,,,Voorbeeld Staffelgroep,,Hoog tarief,,Verhuur,Verhuur (debet),45309.533125,45736.970891204,208,208,45309,1,,,,,0,,0,,,269,Ruben Dielkens,Martin MAC Viper Twin Flightcase 001,,,,,,,
45488.945243056,46094.193726852,Martin MAC Viper Twin Flightcase 002,670,,,,0,0,,,,,,0,0,0,0,Physical combination,Rental,Bulk,0,1,0,0.4725,75,60,105,24,24,0,0,,1,Physical equipment,0,All content possible,0,0.21,0,0,,1,1,0,,1,,887,,,Voorbeeld Staffelgroep,,Hoog tarief,,Verhuur,Verhuur (debet),45309.533125,45736.970891204,209,209,45309,1,,,,,0,,0,,,270,Ruben Dielkens,Martin MAC Viper Twin Flightcase 002,,,,,,,
45488.945243056,46094.193726852,Martin MAC Viper Twin Flightcase 003,671,,,,0,0,,,,,,0,0,0,0,Physical combination,Rental,Bulk,0,1,0,0.4725,75,60,105,24,24,0,0,,1,Physical equipment,0,All content possible,0,0.21,0,0,,1,1,0,,1,,888,,,Voorbeeld Staffelgroep,,Hoog tarief,,Verhuur,Verhuur (debet),45309.533125,45736.970891204,210,210,45309,1,,,,,0,,0,,,271,Ruben Dielkens,Martin MAC Viper Twin Flightcase 003,,,,,,,
45488.945243056,46094.193726852,Martin MAC Viper Twin Flightcase 004,672,,,,0,0,,,,,,0,0,0,0,Physical combination,Rental,Bulk,0,1,0,0.4725,75,60,105,24,24,0,0,,1,Physical equipment,0,All content possible,0,0.21,0,0,,1,1,0,,1,,889,,,Voorbeeld Staffelgroep,,Hoog tarief,,Verhuur,Verhuur (debet),45309.533125,45736.970891204,211,211,45309,1,,,,,0,,0,,,272,Ruben Dielkens,Martin MAC Viper Twin Flightcase 004,,,,,,,
45488.945243056,46094.193726852,Martin MAC Viper Twin Flightcase 005,673,,,,0,0,,,,,,0,0,0,0,Physical combination,Rental,Bulk,0,1,0,0.4725,75,60,105,24,24,0,0,,1,Physical equipment,0,All content possible,0,0.21,0,0,,1,1,0,,1,,890,,,Voorbeeld Staffelgroep,,Hoog tarief,,Verhuur,Verhuur (debet),45309.533125,45736.970891204,212,212,45309,1,,,,,0,,0,,,273,Ruben Dielkens,Martin MAC Viper Twin Flightcase 005,,,,,,,
45488.945243056,46094.193726852,Martin MAC Viper Twin Flightcase 006,674,,,,0,0,,,,,,0,0,0,0,Physical combination,Rental,Bulk,0,1,0,0.4725,75,60,105,24,24,0,0,,1,Physical equipment,0,All content possible,0,0.21,0,0,,1,1,0,,1,,891,,,Voorbeeld Staffelgroep,,Hoog tarief,,Verhuur,Verhuur (debet),45309.533125,45736.970891204,213,213,45309,1,,,,,0,,0,,,274,Ruben Dielkens,Martin MAC Viper Twin Flightcase 006,,,,,,,
45488.945243056,46094.193726852,Martin MAC Viper Twin Flightcase 007,675,,,,0,0,,,,,,0,0,0,0,Physical combination,Rental,Bulk,0,1,0,0.4725,75,60,105,24,24,0,0,,1,Physical equipment,0,All content possible,0,0.21,0,0,,1,1,0,,1,,892,,,Voorbeeld Staffelgroep,,Hoog tarief,,Verhuur,Verhuur (debet),45309.533125,45736.970891204,214,214,45309,1,,,,,0,,0,,,275,Ruben Dielkens,Martin MAC Viper Twin Flightcase 007,,,,,,,
45488.945243056,46094.193726852,Martin MAC Viper Twin Flightcase 008,676,,,,0,0,,,,,,0,0,0,0,Physical combination,Rental,Bulk,0,1,0,0.4725,75,60,105,24,24,0,0,,1,Physical equipment,0,All content possible,0,0.21,0,0,,1,1,0,,1,,893,,,Voorbeeld Staffelgroep,,Hoog tarief,,Verhuur,Verhuur (debet),45309.533125,45736.970891204,215,215,45309,1,,,,,0,,0,,,276,Ruben Dielkens,Martin MAC Viper Twin Flightcase 008,,,,,,,
45488.945243056,46094.193726852,Martin MAC Viper Twin Flightcase 009,677,,,,0,0,,,,,,0,0,0,0,Physical combination,Rental,Bulk,0,1,0,0.4725,75,60,105,24,24,0,0,,1,Physical equipment,0,All content possible,0,0.21,0,0,,1,1,0,,1,,894,,,Voorbeeld Staffelgroep,,Hoog tarief,,Verhuur,Verhuur (debet),45309.533125,45736.970891204,216,216,45309,1,,,,,0,,0,,,277,Ruben Dielkens,Martin MAC Viper Twin Flightcase 009,,,,,,,
45488.945243056,46094.193726852,Martin MAC Viper Twin Flightcase 010,678,,,,0,0,,,,,,0,0,0,0,Physical combination,Rental,Bulk,0,1,0,0.4725,75,60,105,24,24,0,0,,1,Physical equipment,0,All content possible,0,0.21,0,0,,1,1,0,,1,,895,,,Voorbeeld Staffelgroep,,Hoog tarief,,Verhuur,Verhuur (debet),45309.533125,45736.970891204,217,217,45309,1,,,,,0,,0,,,278,Ruben Dielkens,Martin MAC Viper Twin Flightcase 010,,,,,,,
45488.945243056,46094.193726852,Martin MAC Viper Twin Flightcase 011,679,,,,0,0,,,,,,0,0,0,0,Physical combination,Rental,Bulk,0,1,0,0.4725,75,60,105,24,24,0,0,,1,Physical equipment,0,All content possible,0,0.21,0,0,,1,1,0,,1,,896,,,Voorbeeld Staffelgroep,,Hoog tarief,,Verhuur,Verhuur (debet),45309.533125,45736.970891204,218,218,45309,1,,,,,0,,0,,,279,Ruben Dielkens,Martin MAC Viper Twin Flightcase 011,,,,,,,
45488.945243056,46094.193726852,Martin MAC Viper Twin Flightcase 012,680,,,,0,0,,,,,,0,0,0,0,Physical combination,Rental,Bulk,0,1,0,0.4725,75,60,105,24,24,0,0,,1,Physical equipment,0,All content possible,0,0.21,0,0,,1,1,0,,1,,897,,,Voorbeeld Staffelgroep,,Hoog tarief,,Verhuur,Verhuur (debet),45309.533125,45736.970891204,219,219,45309,1,,,,,0,,0,,,280,Ruben Dielkens,Martin MAC Viper Twin Flightcase 012,,,,,,,
45488.945243056,46094.193726852,Martin Rush MH3 Flightcase 001,681,,,,0,0,,,,,,0,0,0,0,Physical combination,Rental,Bulk,0,1,0,0.4725,75,60,105,24,24,0,0,,1,Physical equipment,0,All content possible,0,0.21,0,0,,1,1,0,,1,,898,,,Voorbeeld Staffelgroep,,Hoog tarief,,Verhuur,Verhuur (debet),45309.533125,45736.970891204,220,220,45309,1,,,,,0,,0,,,281,Ruben Dielkens,Martin Rush MH3 Flightcase 001,,,,,,,
45488.945243056,46094.193726852,Martin Rush MH3 Flightcase 002,682,,,,0,0,,,,,,0,0,0,0,Physical combination,Rental,Bulk,0,1,0,0.4725,75,60,105,24,24,0,0,,1,Physical equipment,0,All content possible,0,0.21,0,0,,1,1,0,,1,,899,,,Voorbeeld Staffelgroep,,Hoog tarief,,Verhuur,Verhuur (debet),45309.533125,45736.970891204,221,221,45309,1,,,,,0,,0,,,282,Ruben Dielkens,Martin Rush MH3 Flightcase 002,,,,,,,
45488.945243056,46094.193726852,Martin Rush MH3 Flightcase 003,683,,,,0,0,,,,,,0,0,0,0,Physical combination,Rental,Bulk,0,1,0,0.4725,75,60,105,24,24,0,0,,1,Physical equipment,0,All content possible,0,0.21,0,0,,1,1,0,,1,,900,,,Voorbeeld Staffelgroep,,Hoog tarief,,Verhuur,Verhuur (debet),45309.533125,45736.970891204,222,222,45309,1,,,,,0,,0,,,283,Ruben Dielkens,Martin Rush MH3 Flightcase 003,,,,,,,
45488.945243056,46094.193726852,Martin Rush MH3 Flightcase 004,684,,,,0,0,,,,,,0,0,0,0,Physical combination,Rental,Bulk,0,1,0,0.4725,75,60,105,24,24,0,0,,1,Physical equipment,0,All content possible,0,0.21,0,0,,1,1,0,,1,,901,,,Voorbeeld Staffelgroep,,Hoog tarief,,Verhuur,Verhuur (debet),45309.533125,45736.970891204,223,223,45309,1,,,,,0,,0,,,284,Ruben Dielkens,Martin Rush MH3 Flightcase 004,,,,,,,
45488.945243056,46094.193726852,Martin Rush MH3 Flightcase 005,685,,,,0,0,,,,,,0,0,0,0,Physical combination,Rental,Bulk,0,1,0,0.4725,75,60,105,24,24,0,0,,1,Physical equipment,0,All content possible,0,0.21,0,0,,1,1,0,,1,,902,,,Voorbeeld Staffelgroep,,Hoog tarief,,Verhuur,Verhuur (debet),45309.533125,45736.970891204,224,224,45309,1,,,,,0,,0,,,285,Ruben Dielkens,Martin Rush MH3 Flightcase 005,,,,,,,
45488.945243056,46094.193726852,Martin Rush MH3 Flightcase 006,686,,,,0,0,,,,,,0,0,0,0,Physical combination,Rental,Bulk,0,1,0,0.4725,75,60,105,24,24,0,0,,1,Physical equipment,0,All content possible,0,0.21,0,0,,1,1,0,,1,,903,,,Voorbeeld Staffelgroep,,Hoog tarief,,Verhuur,Verhuur (debet),45309.533125,45736.970891204,225,225,45309,1,,,,,0,,0,,,286,Ruben Dielkens,Martin Rush MH3 Flightcase 006,,,,,,,
45488.945243056,46094.193726852,Martin Rush MH3 Flightcase 007,687,,,,0,0,,,,,,0,0,0,0,Physical combination,Rental,Bulk,0,1,0,0.4725,75,60,105,24,24,0,0,,1,Physical equipment,0,All content possible,0,0.21,0,0,,1,1,0,,1,,904,,,Voorbeeld Staffelgroep,,Hoog tarief,,Verhuur,Verhuur (debet),45309.533125,45736.970891204,226,226,45309,1,,,,,0,,0,,,287,Ruben Dielkens,Martin Rush MH3 Flightcase 007,,,,,,,
45488.945243056,46094.193726852,Martin Rush MH3 Flightcase 008,688,,,,0,0,,,,,,0,0,0,0,Physical combination,Rental,Bulk,0,1,0,0.4725,75,60,105,24,24,0,0,,1,Physical equipment,0,All content possible,0,0.21,0,0,,1,1,0,,1,,905,,,Voorbeeld Staffelgroep,,Hoog tarief,,Verhuur,Verhuur (debet),45309.533125,45736.970891204,227,227,45309,1,,,,,0,,0,,,288,Ruben Dielkens,Martin Rush MH3 Flightcase 008,,,,,,,
45488.945243056,46094.193726852,Martin Rush MH3 Flightcase 009,689,,,,0,0,,,,,,0,0,0,0,Physical combination,Rental,Bulk,0,1,0,0.4725,75,60,105,24,24,0,0,,1,Physical equipment,0,All content possible,0,0.21,0,0,,1,1,0,,1,,906,,,Voorbeeld Staffelgroep,,Hoog tarief,,Verhuur,Verhuur (debet),45309.533125,45736.970891204,228,228,45309,1,,,,,0,,0,,,289,Ruben Dielkens,Martin Rush MH3 Flightcase 009,,,,,,,
45488.945243056,46094.193726852,Martin Rush MH3 Flightcase 010,690,,,,0,0,,,,,,0,0,0,0,Physical combination,Rental,Bulk,0,1,0,0.4725,75,60,105,24,24,0,0,,1,Physical equipment,0,All content possible,0,0.21,0,0,,1,1,0,,1,,907,,,Voorbeeld Staffelgroep,,Hoog tarief,,Verhuur,Verhuur (debet),45309.533125,45736.970891204,229,229,45309,1,,,,,0,,0,,,290,Ruben Dielkens,Martin Rush MH3 Flightcase 010,,,,,,,
45488.945243056,46094.193726852,Movinghead Rain Cover Dolly 001,691,,,,0,0,,,,,,0,0,0,0,Physical combination,Rental,Bulk,0,1,0,0.5445,180,55,55,8,8,0,0,,1,Physical equipment,0,All content possible,0,0.21,0,0,,1,1,0,,1,,908,,,Voorbeeld Staffelgroep,,Hoog tarief,,Verhuur,Verhuur (debet),45309.533125,45736.970891204,235,235,45309,1,,,,,0,,0,,,296,Ruben Dielkens,Movinghead Rain Cover Dolly 001,,,,,,,
45488.945243056,46094.193726852,Movinghead Rain Cover Dolly 002,692,,,,0,0,,,,,,0,0,0,0,Physical combination,Rental,Bulk,0,1,0,0.5445,180,55,55,8,8,0,0,,1,Physical equipment,0,All content possible,0,0.21,0,0,,1,1,0,,1,,909,,,Voorbeeld Staffelgroep,,Hoog tarief,,Verhuur,Verhuur (debet),45309.533125,45736.970891204,236,236,45309,1,,,,,0,,0,,,297,Ruben Dielkens,Movinghead Rain Cover Dolly 002,,,,,,,
45488.945243056,46094.193726852,Movinghead Rain Cover Dolly 003,693,,,,0,0,,,,,,0,0,0,0,Physical combination,Rental,Bulk,0,1,0,0.5445,180,55,55,8,8,0,0,,1,Physical equipment,0,All content possible,0,0.21,0,0,,1,1,0,,1,,910,,,Voorbeeld Staffelgroep,,Hoog tarief,,Verhuur,Verhuur (debet),45309.533125,45736.970891204,237,237,45309,1,,,,,0,,0,,,298,Ruben Dielkens,Movinghead Rain Cover Dolly 003,,,,,,,
45488.945243056,46094.193726852,Movinghead Rain Cover Dolly 004,694,,,,0,0,,,,,,0,0,0,0,Physical combination,Rental,Bulk,0,1,0,0.5445,180,55,55,8,8,0,0,,1,Physical equipment,0,All content possible,0,0.21,0,0,,1,1,0,,1,,911,,,Voorbeeld Staffelgroep,,Hoog tarief,,Verhuur,Verhuur (debet),45309.533125,45736.970891204,238,238,45309,1,,,,,0,,0,,,299,Ruben Dielkens,Movinghead Rain Cover Dolly 004,,,,,,,
45488.945243056,46094.193726852,Movinghead Rain Cover Dolly 005,695,,,,0,0,,,,,,0,0,0,0,Physical combination,Rental,Bulk,0,1,0,0.5445,180,55,55,8,8,0,0,,1,Physical equipment,0,All content possible,0,0.21,0,0,,1,1,0,,1,,912,,,Voorbeeld Staffelgroep,,Hoog tarief,,Verhuur,Verhuur (debet),45309.533125,45736.970891204,239,239,45309,1,,,,,0,,0,,,300,Ruben Dielkens,Movinghead Rain Cover Dolly 005,,,,,,,
45488.945243056,46094.193726852,Movinghead Rain Cover Dolly 006,696,,,,0,0,,,,,,0,0,0,0,Physical combination,Rental,Bulk,0,1,0,0.5445,180,55,55,8,8,0,0,,1,Physical equipment,0,All content possible,0,0.21,0,0,,1,1,0,,1,,913,,,Voorbeeld Staffelgroep,,Hoog tarief,,Verhuur,Verhuur (debet),45309.533125,45736.970891204,240,240,45309,1,,,,,0,,0,,,301,Ruben Dielkens,Movinghead Rain Cover Dolly 006,,,,,,,
45488.945243056,46094.193726852,Movinghead Rain Cover Dolly 007,697,,,,0,0,,,,,,0,0,0,0,Physical combination,Rental,Bulk,0,1,0,0.5445,180,55,55,8,8,0,0,,1,Physical equipment,0,All content possible,0,0.21,0,0,,1,1,0,,1,,914,,,Voorbeeld Staffelgroep,,Hoog tarief,,Verhuur,Verhuur (debet),45309.533125,45736.970891204,241,241,45309,1,,,,,0,,0,,,302,Ruben Dielkens,Movinghead Rain Cover Dolly 007,,,,,,,
45488.945243056,46094.193726852,Movinghead Rain Cover Dolly 008,698,,,,0,0,,,,,,0,0,0,0,Physical combination,Rental,Bulk,0,1,0,0.5445,180,55,55,8,8,0,0,,1,Physical equipment,0,All content possible,0,0.21,0,0,,1,1,0,,1,,915,,,Voorbeeld Staffelgroep,,Hoog tarief,,Verhuur,Verhuur (debet),45309.533125,45736.970891204,242,242,45309,1,,,,,0,,0,,,303,Ruben Dielkens,Movinghead Rain Cover Dolly 008,,,,,,,
45488.945243056,46094.193726852,QSC K10.2 Twin Flghtcase 001,699,,,,0,0,,,,,,0,0,0,0,Physical combination,Rental,Bulk,0,1,0,0.132096,64,24,86,29,29,0,0,,1,Physical equipment,0,All content possible,0,0.21,0,0,,1,1,0,,1,,916,,,Voorbeeld Staffelgroep,,Hoog tarief,,Verhuur,Verhuur (debet),45309.533125,45736.970891204,97,97,45309,1,,,,,0,,0,,,158,Ruben Dielkens,QSC K10.2 Twin Flghtcase 001,,,,,,,
45488.945243056,46094.193726852,QSC K10.2 Twin Flghtcase 002,700,,,,0,0,,,,,,0,0,0,0,Physical combination,Rental,Bulk,0,1,0,0.132096,64,24,86,29,29,0,0,,1,Physical equipment,0,All content possible,0,0.21,0,0,,1,1,0,,1,,917,,,Voorbeeld Staffelgroep,,Hoog tarief,,Verhuur,Verhuur (debet),45309.533125,45736.970891204,98,98,45309,1,,,,,0,,0,,,159,Ruben Dielkens,QSC K10.2 Twin Flghtcase 002,,,,,,,
45488.945243056,46094.193726852,QSC K10.2 Twin Flghtcase 003,701,,,,0,0,,,,,,0,0,0,0,Physical combination,Rental,Bulk,0,1,0,0.132096,64,24,86,29,29,0,0,,1,Physical equipment,0,All content possible,0,0.21,0,0,,1,1,0,,1,,918,,,Voorbeeld Staffelgroep,,Hoog tarief,,Verhuur,Verhuur (debet),45309.533125,45736.970891204,99,99,45309,1,,,,,0,,0,,,160,Ruben Dielkens,QSC K10.2 Twin Flghtcase 003,,,,,,,
45488.945243056,46094.193726852,QSC K10.2 Twin Flghtcase 004,702,,,,0,0,,,,,,0,0,0,0,Physical combination,Rental,Bulk,0,1,0,0.132096,64,24,86,29,29,0,0,,1,Physical equipment,0,All content possible,0,0.21,0,0,,1,1,0,,1,,919,,,Voorbeeld Staffelgroep,,Hoog tarief,,Verhuur,Verhuur (debet),45309.533125,45736.970891204,100,100,45309,1,,,,,0,,0,,,161,Ruben Dielkens,QSC K10.2 Twin Flghtcase 004,,,,,,,
45488.945243056,46094.193726852,QSC K10.2 Twin Flghtcase 005,703,,,,0,0,,,,,,0,0,0,0,Physical combination,Rental,Bulk,0,1,0,0.132096,64,24,86,29,29,0,0,,1,Physical equipment,0,All content possible,0,0.21,0,0,,1,1,0,,1,,920,,,Voorbeeld Staffelgroep,,Hoog tarief,,Verhuur,Verhuur (debet),45309.533125,45736.970891204,101,101,45309,1,,,,,0,,0,,,162,Ruben Dielkens,QSC K10.2 Twin Flghtcase 005,,,,,,,
45488.945243056,46094.193726852,QSC K10.2 Twin Flghtcase 006,704,,,,0,0,,,,,,0,0,0,0,Physical combination,Rental,Bulk,0,1,0,0.132096,64,24,86,29,29,0,0,,1,Physical equipment,0,All content possible,0,0.21,0,0,,1,1,0,,1,,921,,,Voorbeeld Staffelgroep,,Hoog tarief,,Verhuur,Verhuur (debet),45309.533125,45736.970891204,102,102,45309,1,,,,,0,,0,,,163,Ruben Dielkens,QSC K10.2 Twin Flghtcase 006,,,,,,,
45488.945243056,46094.193726852,QSC K10.2 Twin Flghtcase 007,705,,,,0,0,,,,,,0,0,0,0,Physical combination,Rental,Bulk,0,1,0,0.132096,64,24,86,29,29,0,0,,1,Physical equipment,0,All content possible,0,0.21,0,0,,1,1,0,,1,,922,,,Voorbeeld Staffelgroep,,Hoog tarief,,Verhuur,Verhuur (debet),45309.533125,45736.970891204,103,103,45309,1,,,,,0,,0,,,164,Ruben Dielkens,QSC K10.2 Twin Flghtcase 007,,,,,,,
45488.945243056,46094.193726852,QSC K10.2 Twin Flghtcase 008,706,,,,0,0,,,,,,0,0,0,0,Physical combination,Rental,Bulk,0,1,0,0.132096,64,24,86,29,29,0,0,,1,Physical equipment,0,All content possible,0,0.21,0,0,,1,1,0,,1,,923,,,Voorbeeld Staffelgroep,,Hoog tarief,,Verhuur,Verhuur (debet),45309.533125,45736.970891204,104,104,45309,1,,,,,0,,0,,,165,Ruben Dielkens,QSC K10.2 Twin Flghtcase 008,,,,,,,
45488.945243056,46094.193726852,QSC K12.2 Twin Flghtcase 001,707,,,,0,0,,,,,,0,0,0,0,Physical combination,Rental,Bulk,0,1,0,0.3525,75,50,94,34,34,0,0,,1,Physical equipment,0,All content possible,0,0.21,0,0,,1,1,0,,1,,924,,,Voorbeeld Staffelgroep,,Hoog tarief,,Verhuur,Verhuur (debet),45309.533125,45736.970891204,105,105,45309,1,,,,,0,,0,,,166,Ruben Dielkens,QSC K12.2 Twin Flghtcase 001,,,,,,,
45488.945243056,46094.193726852,QSC K12.2 Twin Flghtcase 002,708,,,,0,0,,,,,,0,0,0,0,Physical combination,Rental,Bulk,0,1,0,0.3525,75,50,94,34,34,0,0,,1,Physical equipment,0,All content possible,0,0.21,0,0,,1,1,0,,1,,925,,,Voorbeeld Staffelgroep,,Hoog tarief,,Verhuur,Verhuur (debet),45309.533125,45736.970891204,106,106,45309,1,,,,,0,,0,,,167,Ruben Dielkens,QSC K12.2 Twin Flghtcase 002,,,,,,,
45488.945243056,46094.193726852,QSC K12.2 Twin Flghtcase 003,709,,,,0,0,,,,,,0,0,0,0,Physical combination,Rental,Bulk,0,1,0,0.3525,75,50,94,34,34,0,0,,1,Physical equipment,0,All content possible,0,0.21,0,0,,1,1,0,,1,,926,,,Voorbeeld Staffelgroep,,Hoog tarief,,Verhuur,Verhuur (debet),45309.533125,45736.970891204,107,107,45309,1,,,,,0,,0,,,168,Ruben Dielkens,QSC K12.2 Twin Flghtcase 003,,,,,,,
45488.945243056,46094.193726852,QSC K12.2 Twin Flghtcase 004,710,,,,0,0,,,,,,0,0,0,0,Physical combination,Rental,Bulk,0,1,0,0.3525,75,50,94,34,34,0,0,,1,Physical equipment,0,All content possible,0,0.21,0,0,,1,1,0,,1,,927,,,Voorbeeld Staffelgroep,,Hoog tarief,,Verhuur,Verhuur (debet),45309.533125,45736.970891204,108,108,45309,1,,,,,0,,0,,,169,Ruben Dielkens,QSC K12.2 Twin Flghtcase 004,,,,,,,
45488.945243056,46094.193726852,QSC K12.2 Twin Flghtcase 005,711,,,,0,0,,,,,,0,0,0,0,Physical combination,Rental,Bulk,0,1,0,0.3525,75,50,94,34,34,0,0,,1,Physical equipment,0,All content possible,0,0.21,0,0,,1,1,0,,1,,928,,,Voorbeeld Staffelgroep,,Hoog tarief,,Verhuur,Verhuur (debet),45309.533125,45736.970891204,109,109,45309,1,,,,,0,,0,,,170,Ruben Dielkens,QSC K12.2 Twin Flghtcase 005,,,,,,,
45488.945243056,46094.193726852,QSC K12.2 Twin Flghtcase 006,712,,,,0,0,,,,,,0,0,0,0,Physical combination,Rental,Bulk,0,1,0,0.3525,75,50,94,34,34,0,0,,1,Physical equipment,0,All content possible,0,0.21,0,0,,1,1,0,,1,,929,,,Voorbeeld Staffelgroep,,Hoog tarief,,Verhuur,Verhuur (debet),45309.533125,45736.970891204,110,110,45309,1,,,,,0,,0,,,171,Ruben Dielkens,QSC K12.2 Twin Flghtcase 006,,,,,,,
45488.945243056,46094.193726852,QSC K12.2 Twin Flghtcase 007,713,,,,0,0,,,,,,0,0,0,0,Physical combination,Rental,Bulk,0,1,0,0.3525,75,50,94,34,34,0,0,,1,Physical equipment,0,All content possible,0,0.21,0,0,,1,1,0,,1,,930,,,Voorbeeld Staffelgroep,,Hoog tarief,,Verhuur,Verhuur (debet),45309.533125,45736.970891204,111,111,45309,1,,,,,0,,0,,,172,Ruben Dielkens,QSC K12.2 Twin Flghtcase 007,,,,,,,
45488.945243056,46094.193726852,QSC K12.2 Twin Flghtcase 008,714,,,,0,0,,,,,,0,0,0,0,Physical combination,Rental,Bulk,0,1,0,0.3525,75,50,94,34,34,0,0,,1,Physical equipment,0,All content possible,0,0.21,0,0,,1,1,0,,1,,931,,,Voorbeeld Staffelgroep,,Hoog tarief,,Verhuur,Verhuur (debet),45309.533125,45736.970891204,112,112,45309,1,,,,,0,,0,,,173,Ruben Dielkens,QSC K12.2 Twin Flghtcase 008,,,,,,,
45488.945243056,46094.193726852,QSC KS118 Cover 001,715,,,,0,0,,,,,,0,0,0,0,Physical combination,Rental,Bulk,0,1,0,0.261248,78.5,52,64,3,3,0,0,,1,Physical equipment,0,All content possible,0,0.21,0,0,,1,1,0,,1,,932,,,Voorbeeld Staffelgroep,,Hoog tarief,,Verhuur,Verhuur (debet),45309.533125,45736.970891204,113,113,45309,1,,,,,0,,0,,,174,Ruben Dielkens,QSC KS118 Cover 001,,,,,,,
45488.945243056,46094.193726852,QSC KS118 Cover 002,716,,,,0,0,,,,,,0,0,0,0,Physical combination,Rental,Bulk,0,1,0,0.261248,78.5,52,64,3,3,0,0,,1,Physical equipment,0,All content possible,0,0.21,0,0,,1,1,0,,1,,933,,,Voorbeeld Staffelgroep,,Hoog tarief,,Verhuur,Verhuur (debet),45309.533125,45736.970891204,114,114,45309,1,,,,,0,,0,,,175,Ruben Dielkens,QSC KS118 Cover 002,,,,,,,
45488.945243056,46094.193726852,QSC KS118 Cover 003,717,,,,0,0,,,,,,0,0,0,0,Physical combination,Rental,Bulk,0,1,0,0.261248,78.5,52,64,3,3,0,0,,1,Physical equipment,0,All content possible,0,0.21,0,0,,1,1,0,,1,,934,,,Voorbeeld Staffelgroep,,Hoog tarief,,Verhuur,Verhuur (debet),45309.533125,45736.970891204,115,115,45309,1,,,,,0,,0,,,176,Ruben Dielkens,QSC KS118 Cover 003,,,,,,,
45488.945243056,46094.193726852,QSC KS118 Cover 004,718,,,,0,0,,,,,,0,0,0,0,Physical combination,Rental,Bulk,0,1,0,0.261248,78.5,52,64,3,3,0,0,,1,Physical equipment,0,All content possible,0,0.21,0,0,,1,1,0,,1,,935,,,Voorbeeld Staffelgroep,,Hoog tarief,,Verhuur,Verhuur (debet),45309.533125,45736.970891204,116,116,45309,1,,,,,0,,0,,,177,Ruben Dielkens,QSC KS118 Cover 004,,,,,,,
45488.945243056,46094.193726852,QSC KS118 Cover 005,719,,,,0,0,,,,,,0,0,0,0,Physical combination,Rental,Bulk,0,1,0,0.261248,78.5,52,64,3,3,0,0,,1,Physical equipment,0,All content possible,0,0.21,0,0,,1,1,0,,1,,936,,,Voorbeeld Staffelgroep,,Hoog tarief,,Verhuur,Verhuur (debet),45309.533125,45736.970891204,117,117,45309,1,,,,,0,,0,,,178,Ruben Dielkens,QSC KS118 Cover 005,,,,,,,
45488.945243056,46094.193726852,QSC KS118 Cover 006,720,,,,0,0,,,,,,0,0,0,0,Physical combination,Rental,Bulk,0,1,0,0.261248,78.5,52,64,3,3,0,0,,1,Physical equipment,0,All content possible,0,0.21,0,0,,1,1,0,,1,,937,,,Voorbeeld Staffelgroep,,Hoog tarief,,Verhuur,Verhuur (debet),45309.533125,45736.970891204,118,118,45309,1,,,,,0,,0,,,179,Ruben Dielkens,QSC KS118 Cover 006,,,,,,,
45488.945243056,46094.193726852,QSC KS118 Cover 007,721,,,,0,0,,,,,,0,0,0,0,Physical combination,Rental,Bulk,0,1,0,0.261248,78.5,52,64,3,3,0,0,,1,Physical equipment,0,All content possible,0,0.21,0,0,,1,1,0,,1,,938,,,Voorbeeld Staffelgroep,,Hoog tarief,,Verhuur,Verhuur (debet),45309.533125,45736.970891204,119,119,45309,1,,,,,0,,0,,,180,Ruben Dielkens,QSC KS118 Cover 007,,,,,,,
45488.945243056,46094.193726852,QSC KS118 Cover 008,722,,,,0,0,,,,,,0,0,0,0,Physical combination,Rental,Bulk,0,1,0,0.261248,78.5,52,64,3,3,0,0,,1,Physical equipment,0,All content possible,0,0.21,0,0,,1,1,0,,1,,939,,,Voorbeeld Staffelgroep,,Hoog tarief,,Verhuur,Verhuur (debet),45309.533125,45736.970891204,120,120,45309,1,,,,,0,,0,,,181,Ruben Dielkens,QSC KS118 Cover 008,,,,,,,
45488.945243056,46094.193726852,QSC KS118 Cover 009,723,,,,0,0,,,,,,0,0,0,0,Physical combination,Rental,Bulk,0,1,0,0.261248,78.5,52,64,3,3,0,0,,1,Physical equipment,0,All content possible,0,0.21,0,0,,1,1,0,,1,,940,,,Voorbeeld Staffelgroep,,Hoog tarief,,Verhuur,Verhuur (debet),45309.533125,45736.970891204,121,121,45309,1,,,,,0,,0,,,182,Ruben Dielkens,QSC KS118 Cover 009,,,,,,,
45488.945243056,46094.193726852,QSC KS118 Cover 010,724,,,,0,0,,,,,,0,0,0,0,Physical combination,Rental,Bulk,0,1,0,0.261248,78.5,52,64,3,3,0,0,,1,Physical equipment,0,All content possible,0,0.21,0,0,,1,1,0,,1,,941,,,Voorbeeld Staffelgroep,,Hoog tarief,,Verhuur,Verhuur (debet),45309.533125,45736.970891204,122,122,45309,1,,,,,0,,0,,,183,Ruben Dielkens,QSC KS118 Cover 010,,,,,,,
45488.945243056,46094.193726852,QSC KS118 Cover 011,725,,,,0,0,,,,,,0,0,0,0,Physical combination,Rental,Bulk,0,1,0,0.261248,78.5,52,64,3,3,0,0,,1,Physical equipment,0,All content possible,0,0.21,0,0,,1,1,0,,1,,942,,,Voorbeeld Staffelgroep,,Hoog tarief,,Verhuur,Verhuur (debet),45309.533125,45736.970891204,123,123,45309,1,,,,,0,,0,,,184,Ruben Dielkens,QSC KS118 Cover 011,,,,,,,
45488.945243056,46094.193726852,QSC KS118 Cover 012,726,,,,0,0,,,,,,0,0,0,0,Physical combination,Rental,Bulk,0,1,0,0.261248,78.5,52,64,3,3,0,0,,1,Physical equipment,0,All content possible,0,0.21,0,0,,1,1,0,,1,,943,,,Voorbeeld Staffelgroep,,Hoog tarief,,Verhuur,Verhuur (debet),45309.533125,45736.970891204,124,124,45309,1,,,,,0,,0,,,185,Ruben Dielkens,QSC KS118 Cover 012,,,,,,,
45488.945243056,46094.193726852,QSC KS118 Cover 013,727,,,,0,0,,,,,,0,0,0,0,Physical combination,Rental,Bulk,0,1,0,0.261248,78.5,52,64,3,3,0,0,,1,Physical equipment,0,All content possible,0,0.21,0,0,,1,1,0,,1,,944,,,Voorbeeld Staffelgroep,,Hoog tarief,,Verhuur,Verhuur (debet),45309.533125,45736.970891204,125,125,45309,1,,,,,0,,0,,,186,Ruben Dielkens,QSC KS118 Cover 013,,,,,,,
45488.945243056,46094.193726852,QSC KS118 Cover 014,728,,,,0,0,,,,,,0,0,0,0,Physical combination,Rental,Bulk,0,1,0,0.261248,78.5,52,64,3,3,0,0,,1,Physical equipment,0,All content possible,0,0.21,0,0,,1,1,0,,1,,945,,,Voorbeeld Staffelgroep,,Hoog tarief,,Verhuur,Verhuur (debet),45309.533125,45736.970891204,126,126,45309,1,,,,,0,,0,,,187,Ruben Dielkens,QSC KS118 Cover 014,,,,,,,
45488.945243056,46094.193726852,QSC KS118 Cover 015,729,,,,0,0,,,,,,0,0,0,0,Physical combination,Rental,Bulk,0,1,0,0.261248,78.5,52,64,3,3,0,0,,1,Physical equipment,0,All content possible,0,0.21,0,0,,1,1,0,,1,,946,,,Voorbeeld Staffelgroep,,Hoog tarief,,Verhuur,Verhuur (debet),45309.533125,45736.970891204,127,127,45309,1,,,,,0,,0,,,188,Ruben Dielkens,QSC KS118 Cover 015,,,,,,,
45488.945243056,46094.193726852,QSC KS118 Cover 016,730,,,,0,0,,,,,,0,0,0,0,Physical combination,Rental,Bulk,0,1,0,0.261248,78.5,52,64,3,3,0,0,,1,Physical equipment,0,All content possible,0,0.21,0,0,,1,1,0,,1,,947,,,Voorbeeld Staffelgroep,,Hoog tarief,,Verhuur,Verhuur (debet),45309.533125,45736.970891204,128,128,45309,1,,,,,0,,0,,,189,Ruben Dielkens,QSC KS118 Cover 016,,,,,,,
45488.945243056,46094.193726852,Robe LED Beam 150 Flightcase 001,731,,,,0,0,,,,,,0,0,0,0,Physical combination,Rental,Bulk,0,1,0,0.378,60,60,105,22,22,0,0,,1,Physical equipment,0,All content possible,0,0.21,0,0,,1,1,0,,1,,948,,,Voorbeeld Staffelgroep,,Hoog tarief,,Verhuur,Verhuur (debet),45309.533125,45736.970891204,230,230,45309,1,,,,,0,,0,,,291,Ruben Dielkens,Robe LED Beam 150 Flightcase 001,,,,,,,
45488.945243056,46094.193726852,Robe LED Beam 150 Flightcase 002,732,,,,0,0,,,,,,0,0,0,0,Physical combination,Rental,Bulk,0,1,0,0.378,60,60,105,22,22,0,0,,1,Physical equipment,0,All content possible,0,0.21,0,0,,1,1,0,,1,,949,,,Voorbeeld Staffelgroep,,Hoog tarief,,Verhuur,Verhuur (debet),45309.533125,45736.970891204,231,231,45309,1,,,,,0,,0,,,292,Ruben Dielkens,Robe LED Beam 150 Flightcase 002,,,,,,,
45488.945243056,46094.193726852,Robe LED Beam 150 Flightcase 003,733,,,,0,0,,,,,,0,0,0,0,Physical combination,Rental,Bulk,0,1,0,0.378,60,60,105,22,22,0,0,,1,Physical equipment,0,All content possible,0,0.21,0,0,,1,1,0,,1,,950,,,Voorbeeld Staffelgroep,,Hoog tarief,,Verhuur,Verhuur (debet),45309.533125,45736.970891204,232,232,45309,1,,,,,0,,0,,,293,Ruben Dielkens,Robe LED Beam 150 Flightcase 003,,,,,,,
45488.945243056,46094.193726852,Robe LED Beam 150 Flightcase 004,734,,,,0,0,,,,,,0,0,0,0,Physical combination,Rental,Bulk,0,1,0,0.378,60,60,105,22,22,0,0,,1,Physical equipment,0,All content possible,0,0.21,0,0,,1,1,0,,1,,951,,,Voorbeeld Staffelgroep,,Hoog tarief,,Verhuur,Verhuur (debet),45309.533125,45736.970891204,233,233,45309,1,,,,,0,,0,,,294,Ruben Dielkens,Robe LED Beam 150 Flightcase 004,,,,,,,
45488.945243056,46094.193726852,Robe LED Beam 150 Flightcase 005,735,,,,0,0,,,,,,0,0,0,0,Physical combination,Rental,Bulk,0,1,0,0.378,60,60,105,22,22,0,0,,1,Physical equipment,0,All content possible,0,0.21,0,0,,1,1,0,,1,,952,,,Voorbeeld Staffelgroep,,Hoog tarief,,Verhuur,Verhuur (debet),45309.533125,45736.970891204,234,234,45309,1,,,,,0,,0,,,295,Ruben Dielkens,Robe LED Beam 150 Flightcase 005,,,,,,,
45488.945243056,46094.193726852,Robe Robin 300 LEDWash Twin Flightcase 001,736,,,,0,0,,,,,,0,0,0,0,Physical combination,Rental,Bulk,0,1,0,0.196,70,40,70,18,18,0,0,,1,Physical equipment,0,All content possible,0,0.21,0,0,,1,1,0,,1,,953,,,Voorbeeld Staffelgroep,,Hoog tarief,,Verhuur,Verhuur (debet),45309.533125,45736.970891204,243,243,45309,1,,,,,0,,0,,,304,Ruben Dielkens,Robe Robin 300 LEDWash Twin Flightcase 001,,,,,,,
45488.945243056,46094.193726852,Robe Robin 300 LEDWash Twin Flightcase 002,737,,,,0,0,,,,,,0,0,0,0,Physical combination,Rental,Bulk,0,1,0,0.196,70,40,70,18,18,0,0,,1,Physical equipment,0,All content possible,0,0.21,0,0,,1,1,0,,1,,954,,,Voorbeeld Staffelgroep,,Hoog tarief,,Verhuur,Verhuur (debet),45309.533125,45736.970891204,244,244,45309,1,,,,,0,,0,,,305,Ruben Dielkens,Robe Robin 300 LEDWash Twin Flightcase 002,,,,,,,
45488.945243056,46094.193726852,Robe Robin 300 LEDWash Twin Flightcase 003,738,,,,0,0,,,,,,0,0,0,0,Physical combination,Rental,Bulk,0,1,0,0.196,70,40,70,18,18,0,0,,1,Physical equipment,0,All content possible,0,0.21,0,0,,1,1,0,,1,,955,,,Voorbeeld Staffelgroep,,Hoog tarief,,Verhuur,Verhuur (debet),45309.533125,45736.970891204,245,245,45309,1,,,,,0,,0,,,306,Ruben Dielkens,Robe Robin 300 LEDWash Twin Flightcase 003,,,,,,,
45488.945243056,46094.193726852,Robe Robin 300 LEDWash Twin Flightcase 004,739,,,,0,0,,,,,,0,0,0,0,Physical combination,Rental,Bulk,0,1,0,0.196,70,40,70,18,18,0,0,,1,Physical equipment,0,All content possible,0,0.21,0,0,,1,1,0,,1,,956,,,Voorbeeld Staffelgroep,,Hoog tarief,,Verhuur,Verhuur (debet),45309.533125,45736.970891204,246,246,45309,1,,,,,0,,0,,,307,Ruben Dielkens,Robe Robin 300 LEDWash Twin Flightcase 004,,,,,,,
45488.945243056,46094.193726852,Robe Robin 300 LEDWash Twin Flightcase 005,740,,,,0,0,,,,,,0,0,0,0,Physical combination,Rental,Bulk,0,1,0,0.196,70,40,70,18,18,0,0,,1,Physical equipment,0,All content possible,0,0.21,0,0,,1,1,0,,1,,957,,,Voorbeeld Staffelgroep,,Hoog tarief,,Verhuur,Verhuur (debet),45309.533125,45736.970891204,247,247,45309,1,,,,,0,,0,,,308,Ruben Dielkens,Robe Robin 300 LEDWash Twin Flightcase 005,,,,,,,
45488.945243056,46094.193726852,Robe Robin 300 LEDWash Twin Flightcase 006,741,,,,0,0,,,,,,0,0,0,0,Physical combination,Rental,Bulk,0,1,0,0.196,70,40,70,18,18,0,0,,1,Physical equipment,0,All content possible,0,0.21,0,0,,1,1,0,,1,,958,,,Voorbeeld Staffelgroep,,Hoog tarief,,Verhuur,Verhuur (debet),45309.533125,45736.970891204,248,248,45309,1,,,,,0,,0,,,309,Ruben Dielkens,Robe Robin 300 LEDWash Twin Flightcase 006,,,,,,,
45488.945243056,46094.193726852,Robe Robin 300 LEDWash Twin Flightcase 007,742,,,,0,0,,,,,,0,0,0,0,Physical combination,Rental,Bulk,0,1,0,0.196,70,40,70,18,18,0,0,,1,Physical equipment,0,All content possible,0,0.21,0,0,,1,1,0,,1,,959,,,Voorbeeld Staffelgroep,,Hoog tarief,,Verhuur,Verhuur (debet),45309.533125,45736.970891204,249,249,45309,1,,,,,0,,0,,,310,Ruben Dielkens,Robe Robin 300 LEDWash Twin Flightcase 007,,,,,,,
45488.945243056,46094.193726852,Robe Robin 300 LEDWash Twin Flightcase 008,743,,,,0,0,,,,,,0,0,0,0,Physical combination,Rental,Bulk,0,1,0,0.196,70,40,70,18,18,0,0,,1,Physical equipment,0,All content possible,0,0.21,0,0,,1,1,0,,1,,960,,,Voorbeeld Staffelgroep,,Hoog tarief,,Verhuur,Verhuur (debet),45309.533125,45736.970891204,250,250,45309,1,,,,,0,,0,,,311,Ruben Dielkens,Robe Robin 300 LEDWash Twin Flightcase 008,,,,,,,
45488.945243056,46094.193726852,Robe Robin 300 LEDWash Twin Flightcase 009,744,,,,0,0,,,,,,0,0,0,0,Physical combination,Rental,Bulk,0,1,0,0.196,70,40,70,18,18,0,0,,1,Physical equipment,0,All content possible,0,0.21,0,0,,1,1,0,,1,,961,,,Voorbeeld Staffelgroep,,Hoog tarief,,Verhuur,Verhuur (debet),45309.533125,45736.970891204,251,251,45309,1,,,,,0,,0,,,312,Ruben Dielkens,Robe Robin 300 LEDWash Twin Flightcase 009,,,,,,,
45488.945243056,46094.193726852,Robe Robin 300 LEDWash Twin Flightcase 010,745,,,,0,0,,,,,,0,0,0,0,Physical combination,Rental,Bulk,0,1,0,0.196,70,40,70,18,18,0,0,,1,Physical equipment,0,All content possible,0,0.21,0,0,,1,1,0,,1,,962,,,Voorbeeld Staffelgroep,,Hoog tarief,,Verhuur,Verhuur (debet),45309.533125,45736.970891204,252,252,45309,1,,,,,0,,0,,,313,Ruben Dielkens,Robe Robin 300 LEDWash Twin Flightcase 010,,,,,,,
45488.945243056,46094.193726852,Robe Robin 300 LEDWash Twin Flightcase 011,746,,,,0,0,,,,,,0,0,0,0,Physical combination,Rental,Bulk,0,1,0,0.196,70,40,70,18,18,0,0,,1,Physical equipment,0,All content possible,0,0.21,0,0,,1,1,0,,1,,963,,,Voorbeeld Staffelgroep,,Hoog tarief,,Verhuur,Verhuur (debet),45309.533125,45736.970891204,253,253,45309,1,,,,,0,,0,,,314,Ruben Dielkens,Robe Robin 300 LEDWash Twin Flightcase 011,,,,,,,
45488.945243056,46094.193726852,Robe Robin 300 LEDWash Twin Flightcase 012,747,,,,0,0,,,,,,0,0,0,0,Physical combination,Rental,Bulk,0,1,0,0.196,70,40,70,18,18,0,0,,1,Physical equipment,0,All content possible,0,0.21,0,0,,1,1,0,,1,,964,,,Voorbeeld Staffelgroep,,Hoog tarief,,Verhuur,Verhuur (debet),45309.533125,45736.970891204,254,254,45309,1,,,,,0,,0,,,315,Ruben Dielkens,Robe Robin 300 LEDWash Twin Flightcase 012,,,,,,,
45488.945243056,46094.193726852,Robe Robin 300 LEDWash Twin Flightcase 013,748,,,,0,0,,,,,,0,0,0,0,Physical combination,Rental,Bulk,0,1,0,0.196,70,40,70,18,18,0,0,,1,Physical equipment,0,All content possible,0,0.21,0,0,,1,1,0,,1,,965,,,Voorbeeld Staffelgroep,,Hoog tarief,,Verhuur,Verhuur (debet),45309.533125,45736.970891204,255,255,45309,1,,,,,0,,0,,,316,Ruben Dielkens,Robe Robin 300 LEDWash Twin Flightcase 013,,,,,,,
45488.945243056,46094.193726852,Robe Robin 300 LEDWash Twin Flightcase 014,749,,,,0,0,,,,,,0,0,0,0,Physical combination,Rental,Bulk,0,1,0,0.196,70,40,70,18,18,0,0,,1,Physical equipment,0,All content possible,0,0.21,0,0,,1,1,0,,1,,966,,,Voorbeeld Staffelgroep,,Hoog tarief,,Verhuur,Verhuur (debet),45309.533125,45736.970891204,256,256,45309,1,,,,,0,,0,,,317,Ruben Dielkens,Robe Robin 300 LEDWash Twin Flightcase 014,,,,,,,
45488.945243056,46094.193726852,Robe Robin 300 LEDWash Twin Flightcase 015,750,,,,0,0,,,,,,0,0,0,0,Physical combination,Rental,Bulk,0,1,0,0.196,70,40,70,18,18,0,0,,1,Physical equipment,0,All content possible,0,0.21,0,0,,1,1,0,,1,,967,,,Voorbeeld Staffelgroep,,Hoog tarief,,Verhuur,Verhuur (debet),45309.533125,45736.970891204,257,257,45309,1,,,,,0,,0,,,318,Ruben Dielkens,Robe Robin 300 LEDWash Twin Flightcase 015,,,,,,,
45488.945243056,46094.193726852,Robe Robin 300 LEDWash Twin Flightcase 016,751,,,,0,0,,,,,,0,0,0,0,Physical combination,Rental,Bulk,0,1,0,0.196,70,40,70,18,18,0,0,,1,Physical equipment,0,All content possible,0,0.21,0,0,,1,1,0,,1,,968,,,Voorbeeld Staffelgroep,,Hoog tarief,,Verhuur,Verhuur (debet),45309.533125,45736.970891204,258,258,45309,1,,,,,0,,0,,,319,Ruben Dielkens,Robe Robin 300 LEDWash Twin Flightcase 016,,,,,,,
45488.945243056,46094.193726852,Robe Robin 300 LEDWash Twin Flightcase 017,752,,,,0,0,,,,,,0,0,0,0,Physical combination,Rental,Bulk,0,1,0,0.196,70,40,70,18,18,0,0,,1,Physical equipment,0,All content possible,0,0.21,0,0,,1,1,0,,1,,969,,,Voorbeeld Staffelgroep,,Hoog tarief,,Verhuur,Verhuur (debet),45309.533125,45736.970891204,259,259,45309,1,,,,,0,,0,,,320,Ruben Dielkens,Robe Robin 300 LEDWash Twin Flightcase 017,,,,,,,
45488.945243056,46094.193726852,Robe Robin 300 LEDWash Twin Flightcase 018,753,,,,0,0,,,,,,0,0,0,0,Physical combination,Rental,Bulk,0,1,0,0.196,70,40,70,18,18,0,0,,1,Physical equipment,0,All content possible,0,0.21,0,0,,1,1,0,,1,,970,,,Voorbeeld Staffelgroep,,Hoog tarief,,Verhuur,Verhuur (debet),45309.533125,45736.970891204,260,260,45309,1,,,,,0,,0,,,321,Ruben Dielkens,Robe Robin 300 LEDWash Twin Flightcase 018,,,,,,,
45488.945243056,46094.193726852,Robe Robin 300 LEDWash Twin Flightcase 019,754,,,,0,0,,,,,,0,0,0,0,Physical combination,Rental,Bulk,0,1,0,0.196,70,40,70,18,18,0,0,,1,Physical equipment,0,All content possible,0,0.21,0,0,,1,1,0,,1,,971,,,Voorbeeld Staffelgroep,,Hoog tarief,,Verhuur,Verhuur (debet),45309.533125,45736.970891204,261,261,45309,1,,,,,0,,0,,,322,Ruben Dielkens,Robe Robin 300 LEDWash Twin Flightcase 019,,,,,,,
45488.945243056,46094.193726852,Robe Robin 300 LEDWash Twin Flightcase 020,755,,,,0,0,,,,,,0,0,0,0,Physical combination,Rental,Bulk,0,1,0,0.196,70,40,70,18,18,0,0,,1,Physical equipment,0,All content possible,0,0.21,0,0,,1,1,0,,1,,972,,,Voorbeeld Staffelgroep,,Hoog tarief,,Verhuur,Verhuur (debet),45309.533125,45736.970891204,262,262,45309,1,,,,,0,,0,,,323,Ruben Dielkens,Robe Robin 300 LEDWash Twin Flightcase 020,,,,,,,
45488.945243056,46094.193726852,Robe Robin MMX Twin Flightcase 001,756,,,,0,0,,,,,,0,0,0,0,Physical combination,Rental,Bulk,0,1,0,0.4725,75,60,105,24,24,0,0,,1,Physical equipment,0,All content possible,0,0.21,0,0,,1,1,0,,1,,973,,,Voorbeeld Staffelgroep,,Hoog tarief,,Verhuur,Verhuur (debet),45309.533125,45736.970891204,172,172,45309,1,,,,,0,,0,,,233,Ruben Dielkens,Robe Robin MMX Twin Flightcase 001,,,,,,,
45488.945243056,46094.193726852,Robe Robin MMX Twin Flightcase 002,757,,,,0,0,,,,,,0,0,0,0,Physical combination,Rental,Bulk,0,1,0,0.4725,75,60,105,24,24,0,0,,1,Physical equipment,0,All content possible,0,0.21,0,0,,1,1,0,,1,,974,,,Voorbeeld Staffelgroep,,Hoog tarief,,Verhuur,Verhuur (debet),45309.533125,45736.970891204,173,173,45309,1,,,,,0,,0,,,234,Ruben Dielkens,Robe Robin MMX Twin Flightcase 002,,,,,,,
45488.945243056,46094.193726852,Robe Robin MMX Twin Flightcase 003,758,,,,0,0,,,,,,0,0,0,0,Physical combination,Rental,Bulk,0,1,0,0.4725,75,60,105,24,24,0,0,,1,Physical equipment,0,All content possible,0,0.21,0,0,,1,1,0,,1,,975,,,Voorbeeld Staffelgroep,,Hoog tarief,,Verhuur,Verhuur (debet),45309.533125,45736.970891204,174,174,45309,1,,,,,0,,0,,,235,Ruben Dielkens,Robe Robin MMX Twin Flightcase 003,,,,,,,
45488.945243056,46094.193726852,Robe Robin MMX Twin Flightcase 004,759,,,,0,0,,,,,,0,0,0,0,Physical combination,Rental,Bulk,0,1,0,0.4725,75,60,105,24,24,0,0,,1,Physical equipment,0,All content possible,0,0.21,0,0,,1,1,0,,1,,976,,,Voorbeeld Staffelgroep,,Hoog tarief,,Verhuur,Verhuur (debet),45309.533125,45736.970891204,175,175,45309,1,,,,,0,,0,,,236,Ruben Dielkens,Robe Robin MMX Twin Flightcase 004,,,,,,,
45488.945243056,46094.193726852,Robe Robin MMX Twin Flightcase 005,760,,,,0,0,,,,,,0,0,0,0,Physical combination,Rental,Bulk,0,1,0,0.4725,75,60,105,24,24,0,0,,1,Physical equipment,0,All content possible,0,0.21,0,0,,1,1,0,,1,,977,,,Voorbeeld Staffelgroep,,Hoog tarief,,Verhuur,Verhuur (debet),45309.533125,45736.970891204,176,176,45309,1,,,,,0,,0,,,237,Ruben Dielkens,Robe Robin MMX Twin Flightcase 005,,,,,,,
45488.945243056,46094.193726852,Robe Robin MMX Twin Flightcase 006,761,,,,0,0,,,,,,0,0,0,0,Physical combination,Rental,Bulk,0,1,0,0.4725,75,60,105,24,24,0,0,,1,Physical equipment,0,All content possible,0,0.21,0,0,,1,1,0,,1,,978,,,Voorbeeld Staffelgroep,,Hoog tarief,,Verhuur,Verhuur (debet),45309.533125,45736.970891204,177,177,45309,1,,,,,0,,0,,,238,Ruben Dielkens,Robe Robin MMX Twin Flightcase 006,,,,,,,
45488.945243056,46094.193726852,Robe Robin MMX Twin Flightcase 007,762,,,,0,0,,,,,,0,0,0,0,Physical combination,Rental,Bulk,0,1,0,0.4725,75,60,105,24,24,0,0,,1,Physical equipment,0,All content possible,0,0.21,0,0,,1,1,0,,1,,979,,,Voorbeeld Staffelgroep,,Hoog tarief,,Verhuur,Verhuur (debet),45309.533125,45736.970891204,178,178,45309,1,,,,,0,,0,,,239,Ruben Dielkens,Robe Robin MMX Twin Flightcase 007,,,,,,,
45488.945243056,46094.193726852,Robe Robin MMX Twin Flightcase 008,763,,,,0,0,,,,,,0,0,0,0,Physical combination,Rental,Bulk,0,1,0,0.4725,75,60,105,24,24,0,0,,1,Physical equipment,0,All content possible,0,0.21,0,0,,1,1,0,,1,,980,,,Voorbeeld Staffelgroep,,Hoog tarief,,Verhuur,Verhuur (debet),45309.533125,45736.970891204,179,179,45309,1,,,,,0,,0,,,240,Ruben Dielkens,Robe Robin MMX Twin Flightcase 008,,,,,,,
45488.945243056,46094.193726852,Robe Robin MMX Twin Flightcase 009,764,,,,0,0,,,,,,0,0,0,0,Physical combination,Rental,Bulk,0,1,0,0.4725,75,60,105,24,24,0,0,,1,Physical equipment,0,All content possible,0,0.21,0,0,,1,1,0,,1,,981,,,Voorbeeld Staffelgroep,,Hoog tarief,,Verhuur,Verhuur (debet),45309.533125,45736.970891204,180,180,45309,1,,,,,0,,0,,,241,Ruben Dielkens,Robe Robin MMX Twin Flightcase 009,,,,,,,
45488.945243056,46094.193726852,Robe Robin MMX Twin Flightcase 010,765,,,,0,0,,,,,,0,0,0,0,Physical combination,Rental,Bulk,0,1,0,0.4725,75,60,105,24,24,0,0,,1,Physical equipment,0,All content possible,0,0.21,0,0,,1,1,0,,1,,982,,,Voorbeeld Staffelgroep,,Hoog tarief,,Verhuur,Verhuur (debet),45309.533125,45736.970891204,181,181,45309,1,,,,,0,,0,,,242,Ruben Dielkens,Robe Robin MMX Twin Flightcase 010,,,,,,,
45488.945243056,46094.193726852,Robe Robin MMX Twin Flightcase 011,766,,,,0,0,,,,,,0,0,0,0,Physical combination,Rental,Bulk,0,1,0,0.4725,75,60,105,24,24,0,0,,1,Physical equipment,0,All content possible,0,0.21,0,0,,1,1,0,,1,,983,,,Voorbeeld Staffelgroep,,Hoog tarief,,Verhuur,Verhuur (debet),45309.533125,45736.970891204,182,182,45309,1,,,,,0,,0,,,243,Ruben Dielkens,Robe Robin MMX Twin Flightcase 011,,,,,,,
45488.945243056,46094.193726852,Robe Robin MMX Twin Flightcase 012,767,,,,0,0,,,,,,0,0,0,0,Physical combination,Rental,Bulk,0,1,0,0.4725,75,60,105,24,24,0,0,,1,Physical equipment,0,All content possible,0,0.21,0,0,,1,1,0,,1,,984,,,Voorbeeld Staffelgroep,,Hoog tarief,,Verhuur,Verhuur (debet),45309.533125,45736.970891204,183,183,45309,1,,,,,0,,0,,,244,Ruben Dielkens,Robe Robin MMX Twin Flightcase 012,,,,,,,
45488.945243056,46094.193726852,Robe Robin MMX Twin Flightcase 013,768,,,,0,0,,,,,,0,0,0,0,Physical combination,Rental,Bulk,0,1,0,0.4725,75,60,105,24,24,0,0,,1,Physical equipment,0,All content possible,0,0.21,0,0,,1,1,0,,1,,985,,,Voorbeeld Staffelgroep,,Hoog tarief,,Verhuur,Verhuur (debet),45309.533125,45736.970891204,184,184,45309,1,,,,,0,,0,,,245,Ruben Dielkens,Robe Robin MMX Twin Flightcase 013,,,,,,,
45488.945243056,46094.193726852,Robe Robin MMX Twin Flightcase 014,769,,,,0,0,,,,,,0,0,0,0,Physical combination,Rental,Bulk,0,1,0,0.4725,75,60,105,24,24,0,0,,1,Physical equipment,0,All content possible,0,0.21,0,0,,1,1,0,,1,,986,,,Voorbeeld Staffelgroep,,Hoog tarief,,Verhuur,Verhuur (debet),45309.533125,45736.970891204,185,185,45309,1,,,,,0,,0,,,246,Ruben Dielkens,Robe Robin MMX Twin Flightcase 014,,,,,,,
45488.945243056,46094.193726852,Robe Robin MMX Twin Flightcase 015,770,,,,0,0,,,,,,0,0,0,0,Physical combination,Rental,Bulk,0,1,0,0.4725,75,60,105,24,24,0,0,,1,Physical equipment,0,All content possible,0,0.21,0,0,,1,1,0,,1,,987,,,Voorbeeld Staffelgroep,,Hoog tarief,,Verhuur,Verhuur (debet),45309.533125,45736.970891204,186,186,45309,1,,,,,0,,0,,,247,Ruben Dielkens,Robe Robin MMX Twin Flightcase 015,,,,,,,
45488.945243056,46094.193726852,Robe Robin MMX Twin Flightcase 016,771,,,,0,0,,,,,,0,0,0,0,Physical combination,Rental,Bulk,0,1,0,0.4725,75,60,105,24,24,0,0,,1,Physical equipment,0,All content possible,0,0.21,0,0,,1,1,0,,1,,988,,,Voorbeeld Staffelgroep,,Hoog tarief,,Verhuur,Verhuur (debet),45309.533125,45736.970891204,187,187,45309,1,,,,,0,,0,,,248,Ruben Dielkens,Robe Robin MMX Twin Flightcase 016,,,,,,,
45488.945243056,46094.193726852,Robe Robin MMX Twin Flightcase 017,772,,,,0,0,,,,,,0,0,0,0,Physical combination,Rental,Bulk,0,1,0,0.4725,75,60,105,24,24,0,0,,1,Physical equipment,0,All content possible,0,0.21,0,0,,1,1,0,,1,,989,,,Voorbeeld Staffelgroep,,Hoog tarief,,Verhuur,Verhuur (debet),45309.533125,45736.970891204,188,188,45309,1,,,,,0,,0,,,249,Ruben Dielkens,Robe Robin MMX Twin Flightcase 017,,,,,,,
45488.945243056,46094.193726852,Robe Robin MMX Twin Flightcase 018,773,,,,0,0,,,,,,0,0,0,0,Physical combination,Rental,Bulk,0,1,0,0.4725,75,60,105,24,24,0,0,,1,Physical equipment,0,All content possible,0,0.21,0,0,,1,1,0,,1,,990,,,Voorbeeld Staffelgroep,,Hoog tarief,,Verhuur,Verhuur (debet),45309.533125,45736.970891204,189,189,45309,1,,,,,0,,0,,,250,Ruben Dielkens,Robe Robin MMX Twin Flightcase 018,,,,,,,
45488.945243056,46094.193726852,Robert Juliat Cyrano Flightcase 001,774,,,,0,0,,,,,,0,0,0,0,Physical combination,Rental,Bulk,0,1,0,0.24,40,40,150,52,52,0,0,,1,Physical equipment,0,All content possible,0,0.21,0,0,,1,1,0,,1,,991,,,Voorbeeld Staffelgroep,,Hoog tarief,,Verhuur,Verhuur (debet),45309.533125,45736.970891204,157,157,45309,1,,,,,0,,0,,,218,Ruben Dielkens,Robert Juliat Cyrano Flightcase 001,,,,,,,
45488.945243056,46094.193726852,Robert Juliat Cyrano Flightcase 002,775,,,,0,0,,,,,,0,0,0,0,Physical combination,Rental,Bulk,0,1,0,0.24,40,40,150,52,52,0,0,,1,Physical equipment,0,All content possible,0,0.21,0,0,,1,1,0,,1,,992,,,Voorbeeld Staffelgroep,,Hoog tarief,,Verhuur,Verhuur (debet),45309.533125,45736.970891204,158,158,45309,1,,,,,0,,0,,,219,Ruben Dielkens,Robert Juliat Cyrano Flightcase 002,,,,,,,
45488.945243056,46094.193726852,Robert Juliat Cyrano Flightcase 003,776,,,,0,0,,,,,,0,0,0,0,Physical combination,Rental,Bulk,0,1,0,0.24,40,40,150,52,52,0,0,,1,Physical equipment,0,All content possible,0,0.21,0,0,,1,1,0,,1,,993,,,Voorbeeld Staffelgroep,,Hoog tarief,,Verhuur,Verhuur (debet),45309.533125,45736.970891204,159,159,45309,1,,,,,0,,0,,,220,Ruben Dielkens,Robert Juliat Cyrano Flightcase 003,,,,,,,
45488.945243056,46094.193726852,Robert Juliat Victor Flightcase 001,777,,,,0,0,,,,,,0,0,0,0,Physical combination,Rental,Bulk,0,1,0,0.24,40,40,150,52,52,0,0,,1,Physical equipment,0,All content possible,0,0.21,0,0,,1,1,0,,1,,994,,,Voorbeeld Staffelgroep,,Hoog tarief,,Verhuur,Verhuur (debet),45309.533125,45736.970891204,154,154,45309,1,,,,,0,,0,,,215,Ruben Dielkens,Robert Juliat Victor Flightcase 001,,,,,,,
45488.945243056,46094.193726852,Robert Juliat Victor Flightcase 002,778,,,,0,0,,,,,,0,0,0,0,Physical combination,Rental,Bulk,0,1,0,0.24,40,40,150,52,52,0,0,,1,Physical equipment,0,All content possible,0,0.21,0,0,,1,1,0,,1,,995,,,Voorbeeld Staffelgroep,,Hoog tarief,,Verhuur,Verhuur (debet),45309.533125,45736.970891204,155,155,45309,1,,,,,0,,0,,,216,Ruben Dielkens,Robert Juliat Victor Flightcase 002,,,,,,,
45488.945243056,46094.193726852,Robert Juliat Victor Flightcase 003,779,,,,0,0,,,,,,0,0,0,0,Physical combination,Rental,Bulk,0,1,0,0.24,40,40,150,52,52,0,0,,1,Physical equipment,0,All content possible,0,0.21,0,0,,1,1,0,,1,,996,,,Voorbeeld Staffelgroep,,Hoog tarief,,Verhuur,Verhuur (debet),45309.533125,45736.970891204,156,156,45309,1,,,,,0,,0,,,217,Ruben Dielkens,Robert Juliat Victor Flightcase 003,,,,,,,
45488.945243056,46094.193726852,Showtec Pixelbar 12 Flightcase 001,780,,,,0,0,,,,,,0,0,0,0,Physical combination,Rental,Bulk,0,1,0,0.24,40,50,120,20,20,0,0,,1,Physical equipment,0,All content possible,0,0.21,0,0,,1,1,0,,1,,997,,,Voorbeeld Staffelgroep,,Hoog tarief,,Verhuur,Verhuur (debet),45309.533125,45736.970891204,263,263,45309,1,,,,,0,,0,,,324,Ruben Dielkens,Showtec Pixelbar 12 Flightcase 001,,,,,,,
45488.945243056,46094.193726852,Showtec Pixelbar 12 Flightcase 002,781,,,,0,0,,,,,,0,0,0,0,Physical combination,Rental,Bulk,0,1,0,0.24,40,50,120,20,20,0,0,,1,Physical equipment,0,All content possible,0,0.21,0,0,,1,1,0,,1,,998,,,Voorbeeld Staffelgroep,,Hoog tarief,,Verhuur,Verhuur (debet),45309.533125,45736.970891204,264,264,45309,1,,,,,0,,0,,,325,Ruben Dielkens,Showtec Pixelbar 12 Flightcase 002,,,,,,,
45488.945243056,46094.193726852,Showtec Pixelbar 12 Flightcase 003,782,,,,0,0,,,,,,0,0,0,0,Physical combination,Rental,Bulk,0,1,0,0.24,40,50,120,20,20,0,0,,1,Physical equipment,0,All content possible,0,0.21,0,0,,1,1,0,,1,,999,,,Voorbeeld Staffelgroep,,Hoog tarief,,Verhuur,Verhuur (debet),45309.533125,45736.970891204,265,265,45309,1,,,,,0,,0,,,326,Ruben Dielkens,Showtec Pixelbar 12 Flightcase 003,,,,,,,
45488.945243056,46094.193726852,Showtec Pixelbar 12 Flightcase 004,783,,,,0,0,,,,,,0,0,0,0,Physical combination,Rental,Bulk,0,1,0,0.24,40,50,120,20,20,0,0,,1,Physical equipment,0,All content possible,0,0.21,0,0,,1,1,0,,1,,1000,,,Voorbeeld Staffelgroep,,Hoog tarief,,Verhuur,Verhuur (debet),45309.533125,45736.970891204,266,266,45309,1,,,,,0,,0,,,327,Ruben Dielkens,Showtec Pixelbar 12 Flightcase 004,,,,,,,
45488.945243056,46094.193726852,Showtec Pixelbar 12 Flightcase 005,784,,,,0,0,,,,,,0,0,0,0,Physical combination,Rental,Bulk,0,1,0,0.24,40,50,120,20,20,0,0,,1,Physical equipment,0,All content possible,0,0.21,0,0,,1,1,0,,1,,1001,,,Voorbeeld Staffelgroep,,Hoog tarief,,Verhuur,Verhuur (debet),45309.533125,45736.970891204,267,267,45309,1,,,,,0,,0,,,328,Ruben Dielkens,Showtec Pixelbar 12 Flightcase 005,,,,,,,
45488.945243056,46094.193726852,Showtec Pixelbar 12 Flightcase 006,785,,,,0,0,,,,,,0,0,0,0,Physical combination,Rental,Bulk,0,1,0,0.24,40,50,120,20,20,0,0,,1,Physical equipment,0,All content possible,0,0.21,0,0,,1,1,0,,1,,1002,,,Voorbeeld Staffelgroep,,Hoog tarief,,Verhuur,Verhuur (debet),45309.533125,45736.970891204,268,268,45309,1,,,,,0,,0,,,329,Ruben Dielkens,Showtec Pixelbar 12 Flightcase 006,,,,,,,
45488.945243056,46094.193726852,Showtec Pixelbar 12 Flightcase 007,786,,,,0,0,,,,,,0,0,0,0,Physical combination,Rental,Bulk,0,1,0,0.24,40,50,120,20,20,0,0,,1,Physical equipment,0,All content possible,0,0.21,0,0,,1,1,0,,1,,1003,,,Voorbeeld Staffelgroep,,Hoog tarief,,Verhuur,Verhuur (debet),45309.533125,45736.970891204,269,269,45309,1,,,,,0,,0,,,330,Ruben Dielkens,Showtec Pixelbar 12 Flightcase 007,,,,,,,
45488.945243056,46094.193726852,Source Four Meatrack 001,787,,,,0,0,,,,,,0,0,0,0,Physical combination,Rental,Bulk,0,1,0,2.1024,180,73,160,12,12,0,0,,1,Physical equipment,0,All content possible,0,0.21,0,0,,1,1,0,,1,,1004,,,Voorbeeld Staffelgroep,,Hoog tarief,,Verhuur,Verhuur (debet),45309.533125,45736.970891204,160,160,45309,1,,,,,0,,0,,,221,Ruben Dielkens,Source Four Meatrack 001,,,,,,,
45488.945243056,46094.193726852,Source Four Meatrack 002,788,,,,0,0,,,,,,0,0,0,0,Physical combination,Rental,Bulk,0,1,0,2.1024,180,73,160,12,12,0,0,,1,Physical equipment,0,All content possible,0,0.21,0,0,,1,1,0,,1,,1005,,,Voorbeeld Staffelgroep,,Hoog tarief,,Verhuur,Verhuur (debet),45309.533125,45736.970891204,161,161,45309,1,,,,,0,,0,,,222,Ruben Dielkens,Source Four Meatrack 002,,,,,,,
45488.945243056,46094.193726852,Source Four Meatrack 003,789,,,,0,0,,,,,,0,0,0,0,Physical combination,Rental,Bulk,0,1,0,2.1024,180,73,160,12,12,0,0,,1,Physical equipment,0,All content possible,0,0.21,0,0,,1,1,0,,1,,1006,,,Voorbeeld Staffelgroep,,Hoog tarief,,Verhuur,Verhuur (debet),45309.533125,45736.970891204,162,162,45309,1,,,,,0,,0,,,223,Ruben Dielkens,Source Four Meatrack 003,,,,,,,
45488.945243056,46094.193726852,White DJ Booth Transport cover 001,790,,,,0,0,,,,,,0,0,0,0,Physical combination,Rental,Bulk,0,1,0,1.04904,155,94,72,7,7,0,0,,1,Physical equipment,0,All content possible,0,0.21,0,0,,1,1,0,,1,,1007,,,Voorbeeld Staffelgroep,,Hoog tarief,,Verhuur,Verhuur (debet),45309.533125,45736.970891204,25,25,45309,1,,,,,0,,0,,,86,Ruben Dielkens,White DJ Booth Transport cover 001,,,,,,,
45488.945243056,46094.193726852,White DJ Booth Transport cover 002,791,,,,0,0,,,,,,0,0,0,0,Physical combination,Rental,Bulk,0,1,0,1.04904,155,94,72,7,7,0,0,,1,Physical equipment,0,All content possible,0,0.21,0,0,,1,1,0,,1,,1008,,,Voorbeeld Staffelgroep,,Hoog tarief,,Verhuur,Verhuur (debet),45309.533125,45736.970891204,26,26,45309,1,,,,,0,,0,,,87,Ruben Dielkens,White DJ Booth Transport cover 002,,,,,,,
45488.945243056,46094.193726852,White DJ Booth Transport cover 003,792,,,,0,0,,,,,,0,0,0,0,Physical combination,Rental,Bulk,0,1,0,1.04904,155,94,72,7,7,0,0,,1,Physical equipment,0,All content possible,0,0.21,0,0,,1,1,0,,1,,1009,,,Voorbeeld Staffelgroep,,Hoog tarief,,Verhuur,Verhuur (debet),45309.533125,45736.970891204,27,27,45309,1,,,,,0,,0,,,88,Ruben Dielkens,White DJ Booth Transport cover 003,,,,,,,
45488.945243056,46094.193726852,White DJ Booth Transport cover 004,793,,,,0,0,,,,,,0,0,0,0,Physical combination,Rental,Bulk,0,1,0,1.04904,155,94,72,7,7,0,0,,1,Physical equipment,0,All content possible,0,0.21,0,0,,1,1,0,,1,,1010,,,Voorbeeld Staffelgroep,,Hoog tarief,,Verhuur,Verhuur (debet),45309.533125,45736.970891204,28,28,45309,1,,,,,0,,0,,,89,Ruben Dielkens,White DJ Booth Transport cover 004,,,,,,,
45488.945243056,46094.193726852,Yamaha LS9-16 Flightcase 001,794,,,,0,0,,,,,,0,0,0,0,Physical combination,Rental,Bulk,0,1,0,0.153,34,60,75,34,34,0,0,,1,Physical equipment,0,All content possible,0,0.21,0,0,,1,1,0,,1,,1011,,,Voorbeeld Staffelgroep,,Hoog tarief,,Verhuur,Verhuur (debet),45309.533125,45736.970891204,139,139,45309,1,,,,,0,,0,,,200,Ruben Dielkens,Yamaha LS9-16 Flightcase 001,,,,,,,
45488.945243056,46094.193726852,Yamaha LS9-16 Flightcase 002,795,,,,0,0,,,,,,0,0,0,0,Physical combination,Rental,Bulk,0,1,0,0.153,34,60,75,34,34,0,0,,1,Physical equipment,0,All content possible,0,0.21,0,0,,1,1,0,,1,,1012,,,Voorbeeld Staffelgroep,,Hoog tarief,,Verhuur,Verhuur (debet),45309.533125,45736.970891204,140,140,45309,1,,,,,0,,0,,,201,Ruben Dielkens,Yamaha LS9-16 Flightcase 002,,,,,,,
45488.945243056,46094.193726852,Yamaha LS9-16 Flightcase 003,796,,,,0,0,,,,,,0,0,0,0,Physical combination,Rental,Bulk,0,1,0,0.153,34,60,75,34,34,0,0,,1,Physical equipment,0,All content possible,0,0.21,0,0,,1,1,0,,1,,1013,,,Voorbeeld Staffelgroep,,Hoog tarief,,Verhuur,Verhuur (debet),45309.533125,45736.970891204,141,141,45309,1,,,,,0,,0,,,202,Ruben Dielkens,Yamaha LS9-16 Flightcase 003,,,,,,,
